식품명,식품대분류,식품상세분류,1회제공량,내용량_단위,에너지(㎉),단백질(g),지방(g),탄수화물(g),총당류(g),칼슘(㎎),나트륨(㎎)
BLT샌드위치,빵류,샌드위치류,220,g,423,20.9,29.6,18.6,1.3,172.66,786.82
가오리찜,찜류,어패류찜,200,g,204,44,2.8,0.9,0.1,15.15,302.21
가자미구이,구이류,어패류구이,200,g,245,37.4,10,1.3,0,359.49,630.39
간장양념치킨,튀김류,치킨류,200,g,543,20.5,32.4,42.5,10.5,43.01,1187.57
간짜장,면 및 만두류,중식면류,500,g,625,25.6,24.4,75.7,4.3,59.04,2276.22
갈비탕,국 및 탕류,육류국.탕,670,g,363,57,13.8,2.7,0.8,96.86,1330.59
갈치구이,구이류,어패류구이,200,g,275,43.1,11,1.2,0,23.87,594.47
갈치찌개,찌개 및 전골류,어패류찌개.전골,250,g,94,13.2,2.5,4.9,2.4,26.15,228.68
감자된장국,국 및 탕류,채소류국.탕,400,g,98,4.3,2.4,14.8,3.1,70.22,1429.93
감자크로켓,빵류,"튀김빵류(도넛, 꽈배기 등)",150,g,295,8.5,20.9,18.4,2.9,35.94,262.16
감자탕,찌개 및 전골류,육류찌개.전골,530,g,375,33.4,21.5,12,0,202.2,1739.85
감잣국,국 및 탕류,채소류국.탕,400,g,82,3.6,1.1,14.7,3.4,21.54,859.81
게살죽,죽 및 스프류,죽류,800,g,564.83,17.898,7.095,107.346,0.171,105.131,1453.824
계란볶음밥,밥류,볶음밥류,260,g,584,17.2,29.3,63,0.4,47.71,827.6
고기만두,면 및 만두류,만두류,220,g,350,27.2,9.8,38.3,0.4,43.15,453.13
고등어구이,구이류,어패류구이,200,g,551,47.7,40,0.4,0.4,260.01,1210
고등어찌개,찌개 및 전골류,어패류찌개.전골,600,g,601.62,48.9,33.7,25.6,7.4,266.23,2584.06
고등어튀김,튀김류,어패류튀김,150,g,513,29.5,39.3,10.7,0,51.72,293.72
고추김밥,밥류,김밥(초밥)류,290,g,490,14.1,12.8,79.8,0.3,55.53,948.04
고추잡채,볶음류,기타 볶음류,200,g,256.769,10.994,12.013,26.171,2.092,32.842,828.545
고추장불고기 삼각김밥,밥류,김밥(초밥)류,100,g,165.289,3.661,1.578,34.112,0.205,29.08,342.922
곰보빵,빵류,기타 빵류,70,g,277.336,6.313,9.273,42.157,11.731,24.82,202.254
곰탕,국 및 탕류,육류국.탕,600,g,145,20.6,6.7,0.7,0,42.65,744.08
광어매운탕,국 및 탕류,어패류국.탕,600,g,419.793,58.417,16.621,9.133,1.421,865.614,1799.022
군만두,면 및 만두류,만두류,220,g,514,15.5,25.3,56.3,6.1,89.97,846.06
굴국밥,국 및 탕류,어패류국.탕,650,g,683,42.4,17.8,88.4,0.3,194.25,1635.39
굴무국,국 및 탕류,어패류국.탕,500,g,123,12,1.8,14.6,0.7,99.61,1253.34
굴비구이,구이류,어패류구이,150,g,291,28,19.9,0.1,0.4,994.76,1377.2
굴짬뽕,면 및 만두류,중식면류,900,g,680.672,32.869,9.605,115.688,1.697,444.794,2662.346
기스면,면 및 만두류,중식면류,1000,g,606.931,37.819,10.724,89.785,0.504,340.435,2764.588
김밥,밥류,김밥(초밥)류,230,g,322,11.1,10.5,46,0,81.95,705.16
김치국,국 및 탕류,채소류국.탕,450,g,89,5.4,2.8,10.5,2.9,113.75,1642.08
김치김밥,밥류,김밥(초밥)류,270,g,351,11.6,10.9,51.8,0.8,118.43,942.82
김치라면,면 및 만두류,라면류,650,g,552,13.8,16.9,86.2,1.2,291.83,2531.6
김치만두,면 및 만두류,만두류,220,g,334,22.5,10.5,37.4,0.8,39.63,865.26
김치볶음밥,밥류,볶음밥류,330,g,550,17.6,30.3,51.9,45.9,98.06,1549.8
김치우동,면 및 만두류,중식면류,800,g,500.177,15.548,4.601,99.144,2.128,114.427,2874.602
김치전골,찌개 및 전골류,채소류찌개.전골,270,g,197,8.4,11.4,15.3,2.1,55.65,808.04
김치찌개,찌개 및 전골류,채소류찌개.전골,400,g,243.032,15.069,15.005,11.929,3.025,151.756,1962.142
김치콩나물국,국 및 탕류,채소류국.탕,400,g,48,3.3,1.9,4.6,2,38.01,919.38
김칫국,국 및 탕류,채소류국.탕,400,g,90,5.4,3,10.5,0.1,46.51,832.47
깐풍기,튀김류,육류튀김,150,g,344,18.9,17.7,27.4,4.6,57.52,615.56
깨죽,죽 및 스프류,죽류,800,g,515.348,13.656,15.944,79.305,3.589,401.682,1160.187
꼬막찜,찜류,어패류찜,200,g,192,24.1,4.5,13.9,2.1,145.09,1472.19
꽁치구이,구이류,어패류구이,200,g,604,49.4,43.4,4.3,0,261.16,516.7
꽁치김치찌개,찌개 및 전골류,어패류찌개.전골,270,g,241,19.3,14,9.6,1.9,135.45,672.52
꽁치찌개,찌개 및 전골류,어패류찌개.전골,300,g,355,24,23.3,12.2,5.9,219.92,1296.4
꽃게탕,찌개 및 전골류,어패류찌개.전골,600,g,101,11.1,2.5,8.6,5.7,139.66,1639.04
꽈리고추찜,찜류,채소류찜,100,g,103,3.6,2.1,17.7,0.4,26.74,315.91
꽈배기,빵류,"튀김빵류(도넛, 꽈배기 등)",70,g,272,5.8,14.3,30.1,7,77.41,225.13
낙지덮밥,밥류,덮밥류,350,g,525,20.6,11.7,84.4,7.5,52.94,743.31
낙지볶음,볶음류,어패류볶음,200,g,182,11.5,7.5,17.2,15.8,57.26,1074.86
낙지전골,찌개 및 전골류,어패류찌개.전골,300,g,153,19.5,3.4,11.2,0,30.61,1452.71
낙지탕,국 및 탕류,어패류국.탕,600,g,187.8,29.4,3.2,10.4,1.9,110.82,1704.69
난자완스,볶음류,육류볶음,200,g,346.249,21.627,20.35,19.149,0.495,33.731,703.234
날치알김밥,밥류,김밥(초밥)류,260,g,461,15.9,11.1,74.5,3.7,51.82,777.2
내장탕,찌개 및 전골류,육류찌개.전골,600,g,423,34.9,27.1,10.1,0.3,57.86,1294.79
냉김치말이국수,면 및 만두류,국수류,600,g,302.53,12.9,4.8,52,8.3,130.19,2121.62
냉이된장국,국 및 탕류,채소류국.탕,400,g,86,6.9,2.6,8.8,1.2,129.65,943.35
냉이된장찌개,찌개 및 전골류,채소류찌개.전골,350,g,66,4.1,1.1,10.2,1.9,98,607.51
농어초밥,밥류,김밥(초밥)류,250,g,396.743,17.433,1.336,78.747,13.008,18.675,1035.038
달걀국,국 및 탕류,기타 국 및 탕류,400,g,52,3.7,2.9,2.7,0,20.95,984.54
달걀라면,면 및 만두류,라면류,550,g,596,14.4,17.5,95.3,1,80.63,1007.15
달걀찜,찜류,기타 찜류,200,g,116,10,8.1,0.9,0,50.03,493.75
달래된장찌개,찌개 및 전골류,채소류찌개.전골,350,g,122,11.1,2.8,13.3,1.4,76.69,1996.48
닭가슴살샌드위치,빵류,샌드위치류,230,g,551,28,27.4,48.2,7.1,133.32,1006.32
닭갈비,구이류,육류구이,400,g,595.61,45.9,25.8,44.9,21.2,98.64,1535.83
닭강정,튀김류,육류튀김,200,g,450,23.7,19.5,45,7.9,93.98,1304.86
닭개장,국 및 탕류,육류국.탕,700,g,142,19.2,3,9.9,4,109.59,1168.18
닭고기덮밥,밥류,덮밥류,410,g,510,46.8,8.9,60.8,4.4,86.59,626.21
닭곰탕,국 및 탕류,육류국.탕,650,g,330,48.8,9.2,13,1.9,58.92,1105.06
닭꼬치,구이류,육류구이,70,g,176.723,11.562,8.565,13.348,3.152,17.675,286.911
닭발볶음,볶음류,육류볶음,200,g,372,27.6,18.8,23.4,12.7,162.62,1948.37
닭볶음탕,찌개 및 전골류,육류찌개.전골,300,g,332,35.7,9.6,25.6,1.3,58.51,1129.49
닭죽,죽 및 스프류,죽류,400,g,177,10.7,2.3,28.6,0,16.89,467.19
닭찜,찜류,육류찜,300,g,320,37.1,18.3,1.8,0,36.14,673.07
닭칼국수,면 및 만두류,국수류,900,g,663,42.2,12.8,94.7,5.3,85.36,2125.17
대구매운탕,국 및 탕류,어패류국.탕,600,g,361.747,57.361,7.214,16.844,1.094,439.388,1983.9
대구지리탕,국 및 탕류,어패류국.탕,600,g,262.02,41.6,6.2,9.9,1.5,342.1,1476.25
대구찜,찜류,어패류찜,500,g,376.42,51.7,7.9,24.7,5.7,423.93,1898.67
대합미역국,국 및 탕류,어패류국.탕,400,g,44,4.9,1.8,2.2,0,149.67,927.64
도가니탕,국 및 탕류,육류국.탕,500,g,198,41.8,1.6,4.1,0,40.73,751.98
도넛,빵류,"튀김빵류(도넛, 꽈배기 등)",70,g,294,4.5,16.7,31.4,8.3,7.64,145.12
도미찜,찜류,어패류찜,100,g,125.506,22.996,3.485,0.54,0,59.16,839.962
돈까스김밥,밥류,김밥(초밥)류,320,g,646,18.5,18.6,101.2,4.2,48.84,769.81
돌솥비빔밥,밥류,비빔밥류,380,g,558,20.5,11.2,93.8,4.7,94.76,1281.83
동태국,국 및 탕류,어패류국.탕,400,g,66,9.7,0.6,5.6,0,60.04,895.7
동태찌개,찌개 및 전골류,어패류찌개.전골,200,g,87,12.2,2.7,3.4,0.3,66.58,546.61
동태찜,찜류,어패류찜,500,g,394.32,50.9,9.7,25.8,5.7,369.06,1985.6
돼지갈비구이,구이류,육류구이,300,g,881,84.7,55.6,10.4,14.4,55.39,2211.65
돼지갈비찜,찜류,육류찜,300,g,581,39.9,37,22.3,0.4,90.2,1432.59
돼지고기 수육,찜류,육류찜,300,g,936,59.6,74.5,7,7.2,58.06,121.28
돼지고기김치볶음,볶음류,육류볶음,230,g,371,27.2,23.1,13.6,6.7,62.03,1173.54
돼지고기김치찌개,찌개 및 전골류,육류찌개.전골,200,g,90,8.5,5.4,2.1,0.1,23.66,413.53
돼지고기볶음,볶음류,육류볶음,200,g,350.673,22.961,20.665,18.21,8.201,43.015,1051.758
돼지고기찌개,찌개 및 전골류,육류찌개.전골,300,g,143,18.8,4.5,6.8,0.4,47.5,764.62
돼지고기채소볶음,볶음류,육류볶음,230,g,388,38.1,17.5,19.8,15.3,34.55,796.2
돼지곱창순대볶음,볶음류,육류볶음,230,g,299,16.6,6.9,42.6,7.5,82.38,495.64
돼지껍데기볶음,볶음류,육류볶음,150,g,352,25.8,16.7,24.5,5.5,28.54,779.81
돼지등갈비찜,찜류,육류찜,450,g,961.04,72.1,49.2,57.4,24.1,161.28,2395.17
돼지머리고기,찜류,육류찜,200,g,650,42.4,52,3.5,0.1,26.1,333.64
돼지머리국밥,밥류,기타 밥류,900,g,1233,60.3,46.5,143.4,1.5,77.69,1624.51
돼지불고기,구이류,육류구이,200,g,449,29.7,33.1,8.1,9.3,28.43,625.15
된장찌개,찌개 및 전골류,채소류찌개.전골,200,g,91,6.8,3.3,8.9,0,41.3,635.98
두부고추장찌개,찌개 및 전골류,채소류찌개.전골,500,g,261,20,13.1,15.9,4,117.06,905.92
두부김치,볶음류,채소류볶음,250,g,288.213,19.466,17.115,14.079,1.487,247.215,989.688
두부된장찌개,찌개 및 전골류,채소류찌개.전골,270,g,110,8.8,5.3,6.9,2.7,60.43,1291.51
두부전골,찌개 및 전골류,채소류찌개.전골,500,g,315.16,25.6,16.1,17.1,3.5,411.5,1650.77
둘깨칼국수,면 및 만두류,국수류,600,g,457.88,17.6,16.5,59.8,1.4,176.6,1192.57
등심돈까스,튀김류,육류튀김,200,g,463,33.8,26.5,22.6,9,36,814.8
등심스테이크,구이류,육류구이,200,g,388,60.4,16.1,0.3,0,11.55,268.07
떡국,국 및 탕류,기타 국 및 탕류,700,g,588,24,3.7,114.6,0.6,26.66,1234.05
떡라면,면 및 만두류,라면류,550,g,525,11.2,16.1,84,0,182.68,1483.48
떡만두국,국 및 탕류,기타 국 및 탕류,600,g,666,21.2,23.4,92.8,0.1,88.37,1236.89
떡만둣국,국 및 탕류,기타 국 및 탕류,700,g,624.915,20.055,11.319,110.707,0.158,99.72,1980.19
떡볶이,볶음류,떡볶이류,180,g,260,6.3,5.3,46.7,7.9,25.8,703.12
라면,면 및 만두류,라면류,550,g,450,9.5,12.5,75.1,0,182.14,1559.21
라볶이,볶음류,떡볶이류,200,g,268,5.7,9.4,40.3,1.9,102.55,622.28
라조기,튀김류,육류튀김,200,g,398.993,20.659,23.491,26.234,0.15,72.169,648.516
롤케이크,빵류,케이크류,100,g,311,7.4,11.8,44,24.6,31.51,142.89
류산슬덮밥,밥류,덮밥류,550,g,574.992,26.962,19.039,73.947,0.419,110.35,1579.348
링도넛,빵류,"튀김빵류(도넛, 꽈배기 등)",100,g,514,7.9,33.2,46.2,11.6,50.13,537.42
마늘빵,빵류,기타 빵류,50,g,219,6,8.8,29,3.7,25.11,259.74
막국수,면 및 만두류,국수류,600,g,799,34.8,9.6,143.4,29.3,100.97,2427.15
만두,면 및 만두류,만두류,220,g,397,19,18,39.8,0,298.15,800.92
만둣국,국 및 탕류,기타 국 및 탕류,700,g,434.05,21.429,17.445,47.832,3.048,123.608,2367.993
만주,빵류,앙금빵류,70,g,222.494,5.13,1.64,46.803,22.451,30.67,118.188
맑은감자국,국 및 탕류,채소류국.탕,700,g,221,8.3,5.5,34.6,5.2,115.56,1712.29
머핀,빵류,기타 빵류,130,g,499,7.4,18,76.9,51.5,57.74,534.61
메기매운탕,국 및 탕류,어패류국.탕,600,g,400,28.6,10.2,48.6,5.7,396.38,1859.96
메밀국수,면 및 만두류,국수류,350,g,221,11,1,42.2,0,31.48,679.36
메밀묵국,국 및 탕류,기타 국 및 탕류,400,g,87,4,1.6,14.3,1.1,38.29,953.71
멸치주먹밥,밥류,김밥(초밥)류,150,g,312,9,6.6,54.3,0.9,109.96,496.21
모닝빵,빵류,식빵류,70,g,219,6.7,5.2,36.5,5.6,21.21,342.38
모듬회덮밥,밥류,덮밥류,410,g,593,37.3,17,72.8,12.6,53.34,634.31
모카빵,빵류,기타 빵류,150,g,507,12.8,12.1,86.9,18.8,134.05,531.15
무된장국,국 및 탕류,채소류국.탕,450,g,104,6.1,2.4,14.7,5.9,90.18,1741.46
무밥,밥류,기타 밥류,200,g,266,7.3,1.3,56.3,0,44.98,554.22
무시래기된장국,국 및 탕류,채소류국.탕,400,g,61,5.2,0.9,8.1,0,142.36,779.28
묵은지삼겹살볶음,볶음류,육류볶음,200,g,302,11.5,21,16.8,7.2,100.16,1207.11
문어고추장볶음,볶음류,어패류볶음,200,g,175,21.9,2,17.2,10.9,35.76,974.4
문어숙회,찜류,어패류찜,80,g,66.914,14.862,0.505,0.73,0,11.919,208.33
문어초밥,밥류,김밥(초밥)류,250,g,392.227,14.614,0.74,81.778,13.383,23.034,1200.864
물냉면,면 및 만두류,국수류,700,g,383,13.7,4.5,72.2,31.6,48.3,1128.25
물만두,면 및 만두류,만두류,230,g,448,18.5,25.6,35.9,4.9,70.97,763.59
미소된장국,국 및 탕류,채소류국.탕,150,g,38,2.8,1.8,2.8,0.7,27.34,517.03
미역국,국 및 탕류,어패류국.탕,400,g,46,2.6,2.5,3.5,1.1,77.87,670.7
미역냉국,국 및 탕류,냉국류,350,g,128,0.7,2.3,26.3,15.7,84.26,518.61
미역오이냉국,국 및 탕류,냉국류,350,g,21,1.3,0.5,3,2.4,45.05,1144.4
미트볼 토마토 스파게티,면 및 만두류,스파게티류,500,g,898,36.7,44.4,88.1,4.5,88.89,1089.14
민어찜,찜류,어패류찜,100,g,136.878,21.474,5.914,0,0,52.113,1089.435
바지락조개국,국 및 탕류,어패류국.탕,550,g,157,22,3.1,10.1,1.3,369.14,1596.17
바지락칼국수,면 및 만두류,국수류,700,g,576,24,3.7,111.8,1.2,91.74,1901.92
배추된장국,국 및 탕류,채소류국.탕,400,g,79,5.8,1.6,10.3,0,49.78,890.79
버섯구이,구이류,채소류구이,80,g,41,4.1,1.1,3.8,0.1,1.64,393.24
버섯찌개,찌개 및 전골류,채소류찌개.전골,400,g,167.56,14.7,5.2,15.4,4.4,70.75,1293.87
버터크림빵,빵류,크림빵류,60,g,229.957,4.905,11.043,27.736,7.194,23.872,191.181
베이글,빵류,기타 빵류,120,g,367,12,7,64.2,5.5,143.39,834.26
병어찜,찜류,어패류찜,100,g,179.688,18.857,11.515,0.157,0,28.373,650.975
복지리탕,국 및 탕류,어패류국.탕,600,g,232.05,41.7,2.7,10.3,1.4,242.25,1349.98
볶음밥,밥류,볶음밥류,350,g,640,19.5,9.7,118.9,0,47.21,743.58
볶음우동,면 및 만두류,국수류,300,g,385,8.4,6,74.4,1.3,21.54,770.91
부대찌개,찌개 및 전골류,육류찌개.전골,600,g,737,35.2,38.9,61.6,1.1,122.99,1435.59
북어찜,찜류,어패류찜,150,g,235,28.1,5.7,18,6.4,171.31,900.98
북엇국,국 및 탕류,어패류국.탕,400,g,111,15.6,3.9,3.4,0.5,58.1,929.98
불고기덮밥,밥류,덮밥류,400,g,728,26.4,21.2,107.8,0.3,24.61,1011.43
불고기버거,빵류,버거류,200,g,499,27.8,23,45.4,0.3,30.78,676.85
불고기피자,빵류,피자류,200,g,505,27.4,16.7,61.2,9.2,480.35,916.87
비빔국수,면 및 만두류,국수류,500,g,512,15.1,4.8,102.4,20.5,100.12,1193.79
비빔냉면,면 및 만두류,국수류,500,g,499,28.3,13.2,66.7,20.1,113.6,887.31
비빔밥,밥류,비빔밥류,450,g,637,30.9,19.4,84.8,0.2,138.63,1041.85
뼈다귀해장국,국 및 탕류,육류국.탕,1000,g,714,74.6,35.7,23.4,5.7,670.27,3088.21
사골만두국,국 및 탕류,육류국.탕,700,g,606,26.2,28,62.6,0.4,100.93,2333.21
사과파이,빵류,페이스트리류,100,g,184,2.5,3.9,34.8,7.1,19.56,204.49
삼겹살고추장구이,구이류,육류구이,200,g,805,28.4,65.7,25.3,11.4,28.59,1020.67
삼겹살구이,구이류,육류구이,200,g,933,45.1,83.4,0.7,0,17.74,1152.79
삼계탕,국 및 탕류,육류국.탕,900,g,911,96.1,43.2,34.6,4,123.29,736.67
삼선볶음밥,밥류,볶음밥류,400,g,686.108,26.237,26.461,85.754,1.582,90.322,1213.562
삼선우동,면 및 만두류,중식면류,1000,g,691.656,47.939,8.478,105.9,0.801,212.09,2722.319
삼선자장면,면 및 만두류,중식면류,700,g,803.898,33.638,18.135,126.533,10.152,120.729,2628.242
삼선짬뽕,면 및 만두류,중식면류,900,g,662.366,39.626,10.77,101.733,1.093,400.512,2689.129
삼치구이,구이류,어패류구이,200,g,355,42.8,19.1,2.9,0.4,35.65,434.32
새우구이,구이류,어패류구이,180,g,260,42.1,8,5.1,0.1,148.2,593.55
새우미역국,국 및 탕류,어패류국.탕,400,g,63,4.4,1.8,7.3,0,35.23,20.5
새우볶음밥,밥류,볶음밥류,370,g,635,23.3,22.7,84.5,2.6,45.1,538.64
새우젓두부찌개,찌개 및 전골류,채소류찌개.전골,300,g,166,16.2,8.1,7.2,1.7,226.15,1123.08
새우초밥,밥류,김밥(초밥)류,250,g,387.671,16.804,0.752,78.422,11.654,71.875,1110.293
새우탕수육,튀김류,어패류튀김,200,g,232,13.3,8.4,26,12.9,53.85,984.54
새우튀김,튀김류,어패류튀김,150,g,430,25.5,23.8,28.4,0.1,319.34,728.56
새우튀김롤,밥류,김밥(초밥)류,300,g,606.504,14.467,18.168,96.281,11.144,162.385,1391.432
샐러드김밥,밥류,김밥(초밥)류,250,g,405.948,9.616,13.52,61.451,3.422,65.376,911.177
생선까스,튀김류,어패류튀김,200,g,653.441,24.334,41.096,46.56,1.958,46.636,788.623
생선모듬초밥,밥류,김밥(초밥)류,380,g,607,36.7,6.1,101.5,5.3,54.21,540.96
생선물회,회류,회류,800,g,577.97,34.3,12.3,82.5,52,185.95,2779.74
광어초밥,밥류,김밥(초밥)류,300,g,453.777,27.069,3.923,77.547,7.701,23.034,808.75
모듬초밥,밥류,김밥(초밥)류,300,g,461.966,25.423,6.061,76.431,8.649,45.347,968.94
생크림케이크,빵류,케이크류,100,g,237,3.4,12.5,27.6,14.5,42.13,151.11
선지해장국,국 및 탕류,육류국.탕,1000,g,312,49.3,5.4,16.7,3.9,206.72,3074.53
선짓국,국 및 탕류,육류국.탕,600,g,173,23.2,5.7,7.4,0,135.67,1874.43
소갈비구이,구이류,육류구이,300,g,722,77.7,43.7,4.8,0.8,101.23,1204.66
소갈비찜,찜류,육류찜,250,g,494.599,49.86,26.956,13.138,4.317,47.93,753.635
소고기국밥,밥류,기타 밥류,700,g,330.53,21.8,8.1,42.6,2.8,91.4,1786.31
소고기김밥,밥류,김밥(초밥)류,250,g,400.609,15.978,9.625,62.518,0.837,69.497,1061.187
소고기무국,국 및 탕류,육류국.탕,400,g,123,14.2,4,7.8,3.5,59.21,1067.02
소고기미역국,국 및 탕류,육류국.탕,650,g,151,18.1,5.3,7.7,0,149.32,1908.91
소고기버섯죽,죽 및 스프류,죽류,800,g,578.278,18.747,7.465,109.026,0.262,54.428,1261.804
소고기샤브샤브,찌개 및 전골류,육류찌개.전골,600,g,263.75,29.1,9.8,14.7,2.4,95.99,1122.4
소곱창구이,구이류,육류구이,150,g,275,22.3,17.6,7.1,1.7,43.97,1971.87
소곱창전골,찌개 및 전골류,육류찌개.전골,600,g,529,41.6,27.3,29.2,2.3,148.95,1779.63
소머리국밥,밥류,기타 밥류,1000,g,239,15.8,7.5,27,0,71.93,1392.24
소보로빵,빵류,기타 빵류,70,g,274,5.8,10.6,38.9,11.7,29.41,277.44
소불고기,구이류,육류구이,200,g,339,32.8,19.3,8.5,6.5,37.46,835.81
소시지볶음,볶음류,육류볶음,200,g,559,23.9,38.7,28.8,11.7,107.1,1773.53
소양념갈비구이,구이류,육류구이,300,g,989.15,60.1,71.6,26.2,13.9,85.27,1378.45
송이덮밥,밥류,덮밥류,600,g,581.806,18.214,14.06,95.601,2.268,73.126,1678.009
쇠고기고추장볶음,볶음류,육류볶음,220,g,434,31.6,23.7,23.6,21.3,26.8,1218.57
쇠고기된장찌개,찌개 및 전골류,육류찌개.전골,300,g,163,17.1,5.9,10.5,2.2,82.78,890.4
쇠고기미역국,국 및 탕류,육류국.탕,400,g,52,7.4,1,3.3,2.1,72.05,782.02
쇠고기볶음밥,밥류,볶음밥류,260,g,456,19.7,16.9,56.6,0.2,45.58,560.18
쇠고기주먹밥,밥류,김밥(초밥)류,200,g,355,9.5,4.4,69.5,0.4,17.15,713.2
쇠고기죽,죽 및 스프류,죽류,400,g,244,8.6,0.9,50.4,0,12.86,1063.88
수제비,면 및 만두류,기타 면 및 만두류,650,g,378,15,3.4,72,0,55.67,925.17
순대 ,찜류,육류찜,300,g,542.415,19.561,25.636,58.362,3.499,104.416,1019.194
순대볶음,볶음류,육류볶음,400,g,582,20.7,21.3,76.7,5.4,132.96,1500.35
순댓국,국 및 탕류,육류국.탕,600,g,509,14.1,10.5,89.7,1.6,91.59,1981.58
순두부달걀탕,국 및 탕류,기타 국 및 탕류,350,g,102,6.2,7.1,3.3,0,44.24,354.96
순두부찌개,찌개 및 전골류,채소류찌개.전골,200,g,85,9.1,4.3,2.6,1.2,23.54,426.64
숯불갈비 삼각김밥,밥류,김밥(초밥)류,100,g,161.243,3.998,1.674,32.547,0.165,11.296,358.362
시금치된장국,국 및 탕류,채소류국.탕,400,g,37,4.1,0.7,3.9,0.4,61.87,495.32
시래기된장국,국 및 탕류,채소류국.탕,450,g,99,6.7,3.1,11,1.3,213.27,1523.66
식빵,빵류,식빵류,100,g,264,9.3,2.6,50.9,1.6,218.7,468.43
식빵토스트,빵류,크림빵류,100,g,365,8.8,13.8,51.5,4.5,46.68,532.65
쌀국수,면 및 만두류,국수류,600,g,320.32,15.6,4.2,55.1,4.3,41.12,1651.58
쑥된장국,국 및 탕류,채소류국.탕,400,g,60,4.9,1.9,6.1,2.9,40.7,970.74
아구찜,찜류,어패류찜,400,g,310.871,48.302,5.309,17.471,0.689,214.377,1406.204
안심돈가스,튀김류,육류튀김,200,g,651.755,33.281,42.402,34.253,2.772,31.598,551.554
안심스테이크,구이류,육류구이,200,g,366,69.6,9.7,0.2,0,9.36,205.42
알밥,밥류,기타 밥류,330,g,422,15.6,16.9,52,7.6,141.93,1418.08
알탕,찌개 및 전골류,어패류찌개.전골,520,g,203,33.1,3.8,9.1,0,55.75,1301.49
애호박된장국,국 및 탕류,채소류국.탕,400,g,122,13.4,5.2,5.6,2,76.27,1806.32
양념장어구이,구이류,어패류구이,150,g,433.352,30.771,30.561,8.804,4.182,215.4,704.637
양념치킨,튀김류,치킨류,200,g,552,35.5,26.8,42.3,12.5,33.57,805.49
양송이스프,죽 및 스프류,스프류,100,g,105,2.4,7,8.1,2.5,41.38,169.54
어묵국,국 및 탕류,어패류국.탕,350,g,106,5.2,3.6,13.4,0.3,67.74,790.85
어묵김치찌개,찌개 및 전골류,어패류찌개.전골,260,g,98,4.7,1.5,16.4,4.2,51.24,664.58
어묵잡채,볶음류,어패류볶음,280,g,414,6.6,10.6,73.2,4.2,94.08,1201.2
얼갈이배춧국,국 및 탕류,채소류국.탕,400,g,36,2,1.6,3.4,0.2,105.35,778.53
연어롤,밥류,김밥(초밥)류,300,g,510.191,18.571,15.404,74.318,8.47,133.95,1211.903
연어초밥,밥류,김밥(초밥)류,250,g,447.318,18.883,9.738,71.037,12.882,17.162,1064.385
연포탕,국 및 탕류,어패류국.탕,1000,g,541.644,94.902,9.03,20.191,0.228,551.187,2337.456
열무김치국수,면 및 만두류,국수류,800,g,431,15,10.2,69.6,18.6,257.24,3007.45
열무냉면,면 및 만두류,중식면류,800,g,525.492,20.842,5.783,97.52,27.146,177.779,3152.366
영양돌솥밥,밥류,기타 밥류,350,g,643,12,10,126.2,2.2,30.35,21.94
오리고기구이,구이류,육류구이,200,g,586,48.1,39.4,9.8,0,16.74,1416.66
오리고기죽,죽 및 스프류,죽류,400,g,618,30,19.9,79.8,0,45.19,248.38
오리백숙,찌개 및 전골류,육류찌개.전골,300,g,335,31.8,22.5,1.5,0.7,36.29,482.75
오리불고기,구이류,육류구이,250,g,361,16.9,22.6,22.6,15.7,35.91,1168.55
오므라이스,밥류,볶음밥류,400,g,692,26,28.9,82.1,12.8,77.12,1730.11
오삼불고기,볶음류,육류볶음,200,g,363,25.6,19.9,20.5,7.6,42.87,885.09
오이냉국,국 및 탕류,냉국류,350,g,38,1.5,2.4,2.7,3.1,31.9,989.64
오일소스스파게티,면 및 만두류,스파게티류,400,g,646.736,19.555,23.426,89.42,1.411,111.094,1124.332
오징어국,국 및 탕류,어패류국.탕,500,g,91,11.1,3.7,3.6,1.2,23.58,1286.69
오징어덮밥,밥류,덮밥류,360,g,484,25.9,7.2,79,2.4,29.55,582.23
오징어볶음,볶음류,어패류볶음,200,g,255,19.7,13,14.9,3.9,66.12,619.61
오징어튀김,튀김류,어패류튀김,150,g,505,18.6,33,33.7,0.5,27.59,504.99
우거지곰탕,국 및 탕류,채소류국.탕,350,g,88,8.3,2.1,9.1,1.2,58.07,786.04
우거지된장국,국 및 탕류,채소류국.탕,400,g,78,11.1,2.3,3.3,2.5,57.28,1163.09
우거지해장국,국 및 탕류,채소류국.탕,600,g,154.38,11.9,5.9,13.5,2.5,198.55,2049.59
우동(일식),면 및 만두류,중식면류,700,g,421.514,13.39,7.906,74.199,2.483,79.096,2390.321
우동(중식),면 및 만두류,중식면류,1000,g,648.471,29.452,21.022,85.366,1.099,188.215,3395.857
우렁된장국,국 및 탕류,어패류국.탕,500,g,245,24.6,7.7,19.2,3.6,656.62,2134.21
울면,면 및 만두류,중식면류,1000,g,728.857,37.455,7.369,128.178,0.502,292.432,2799.918
유부초밥,밥류,김밥(초밥)류,200,g,388,11.6,11.5,59.6,4,91.78,771.26
유산슬,볶음류,기타 볶음류,220,g,189,16.6,9.7,9,4.7,34.04,463.88
육개장,국 및 탕류,육류국.탕,440,g,130,16.2,4.4,6.5,3.3,72.71,884.24
육회,회류,회류,150,g,195,14.9,9.6,12.2,7.9,18.57,627.01
육회비빔밥,밥류,비빔밥류,300,g,442,19.2,10.1,68.8,13.4,83.93,1337.23
잔치국수,면 및 만두류,국수류,700,g,310,13.5,3.4,56.3,0.3,56.87,1514.59
잡채,볶음류,기타 볶음류,200,g,291,9.4,6.6,48.5,1.4,72.16,719.68
잡채밥,밥류,덮밥류,550,g,825,22.1,18.8,141.8,0.3,88.01,1247.22
잡탕밥,밥류,덮밥류,750,g,777.439,44.12,20.135,104.937,0.481,180.572,2109.517
잣죽,죽 및 스프류,죽류,700,g,874.482,19.179,19.629,155.275,2.362,32.846,878.813
장어덮밥,밥류,덮밥류,400,g,716.541,30.088,22.976,97.351,5.586,179.57,920.765
장어초밥,밥류,김밥(초밥)류,250,g,486.26,16.52,10.828,80.681,13.674,78.751,1270.911
장어탕,찌개 및 전골류,어패류찌개.전골,800,g,536,34.5,31.2,29.4,21.3,253.75,3097.2
재첩국,국 및 탕류,어패류국.탕,350,g,81,2.3,1,15.9,0,70.18,442.44
쟁반국수,면 및 만두류,국수류,450,g,535,30,20.5,57.7,36.5,114.89,2309.21
전복죽,죽 및 스프류,죽류,400,g,317,7.3,14.9,38.5,0,9.54,631.68
전복탕,국 및 탕류,어패류국.탕,600,g,196.85,26.8,3,15.8,1.3,163.14,1774.4
전어찜,찜류,어패류찜,100,g,278.218,17.275,22.97,0.597,0,617.719,447.401
제육덮밥,밥류,덮밥류,470,g,949,44.3,50.6,79.2,9.3,51.76,819.84
제육볶음,볶음류,육류볶음,250,g,487,30.4,35.5,11.8,0.9,54.78,1251.93
조개구이,구이류,어패류구이,180,g,234,31.4,3.7,18.8,6.5,32.43,817.83
조갯국,국 및 탕류,어패류국.탕,400,g,62,6.7,3.6,1,0.7,27.95,1188.5
조기구이,구이류,어패류구이,180,g,460,34.8,19.5,36.4,0,218.18,2456.07
조기매운탕,국 및 탕류,어패류국.탕,600,g,384.38,35.1,19.4,17.3,4.3,1132.66,2272.92
조기찜,찜류,어패류찜,100,g,182.118,20.058,10.59,1.642,0,121.221,602.033
족발,찜류,육류찜,250,g,582,65.1,34.8,2.3,0,1837.3,861.47
주꾸미볶음,볶음류,어패류볶음,200,g,211.413,18.326,5.201,22.825,5.06,49.715,918.864
쥐포구이,구이류,어패류구이,70,g,238,21.7,0.2,37.4,23.1,264.75,1473.69
짜장면,면 및 만두류,중식면류,600,g,529,16.2,13.3,86.2,36.4,71.65,1843.68
짜장밥,밥류,덮밥류,470,g,572,20.1,22.2,73.2,0.2,53.58,1109.91
짬뽕,면 및 만두류,중식면류,800,g,464,22.3,12.3,66.1,12.5,99.02,1446.06
짬뽕라면,면 및 만두류,라면류,750,g,689,21.3,26.3,92,1.6,586.78,2493.81
짬뽕밥,밥류,기타 밥류,900,g,647,28.8,12.6,104.9,12,118.81,2105.68
쫄면,면 및 만두류,국수류,550,g,706,17.7,13.8,127.9,19.3,125.42,1377.01
찐감자,찜류,채소류찜,200,g,140,4.3,0.3,30,1.7,19.75,6.75
찐고구마,찜류,채소류찜,200,g,277,3.3,0.5,64.9,32.6,40.41,19.46
찐빵,빵류,앙금빵류,250,g,532,13,0.3,119.4,27.6,55.3,585.27
찐옥수수,찜류,채소류찜,200,g,370,13.4,4.8,68.4,4.7,9.78,179.23
참꼬막,찜류,어패류찜,80,g,90.787,12.472,2.503,4.592,0,62.664,234.163
참치 샌드위치,빵류,샌드위치류,250,g,505,26.3,29.1,34.5,3.5,65.61,522.16
참치김밥,밥류,김밥(초밥)류,250,g,435,17.5,18,50.7,1.8,128.42,837.43
참치김치찌개,찌개 및 전골류,어패류찌개.전골,300,g,154,10.8,8.5,8.7,0.5,51.8,793
참치덮밥,밥류,덮밥류,500,g,679.101,29.201,16.73,102.931,2.983,97.874,1618.745
참치마요삼각김밥,밥류,김밥(초밥)류,200,g,398,11.9,16.4,50.9,0,19.33,460.22
참치볶음밥,밥류,볶음밥류,230,g,412,10.6,7.5,75.7,0.3,35.45,1450.92
참치샌드위치,빵류,샌드위치류,250,g,555,23.3,35.1,36.5,10.1,133.14,915.59
참치죽,죽 및 스프류,죽류,800,g,659.599,24.194,16.062,104.566,1.36,78.453,1342.403
찹쌀도넛,빵류,"튀김빵류(도넛, 꽈배기 등)",70,g,201,4.2,3.2,38.9,7.7,14.36,218.53
채소고로케,빵류,"튀김빵류(도넛, 꽈배기 등)",100,g,300.653,7.125,16.378,31.187,3.369,32.214,403.328
채소김밥,밥류,김밥(초밥)류,280,g,442,12.9,10.2,74.6,0.4,105.34,865.01
채소볶음밥,밥류,볶음밥류,260,g,474,12.3,14,74.7,0.8,44.24,1060.34
채소샌드위치,빵류,샌드위치류,180,g,439,7.4,26.5,42.9,25.7,45.27,766.41
채소죽,죽 및 스프류,죽류,400,g,173,6.7,2.8,30.5,0.7,35.13,894.77
청국장찌개,찌개 및 전골류,채소류찌개.전골,200,g,93,10.1,4.2,3.8,0,53.48,484.88
초코 소라빵,빵류,기타 빵류,70,g,222,2.3,7.7,36.2,6.5,46.86,150.4
초콜릿케이크,빵류,케이크류,100,g,420.243,5.315,24.955,43.597,23.129,44.069,170.001
추어탕,찌개 및 전골류,어패류찌개.전골,350,g,188,11.3,11.1,10.7,0,473.83,861.28
충무김밥,밥류,김밥(초밥)류,400,g,583.926,23.425,5.956,109.156,17.189,77.706,1294.268
츄러스,빵류,"튀김빵류(도넛, 꽈배기 등)",70,g,252,4.6,7.9,40.7,15.9,16.62,253.88
치즈김밥,밥류,김밥(초밥)류,270,g,476,16.9,19,59.7,0.6,17.1,455.54
치즈돈가스,튀김류,육류튀김,250,g,755.369,42.02,46.693,41.764,3.57,421.038,870.769
치즈라면,면 및 만두류,라면류,600,g,595,16.8,23,80,0.9,337.25,2113.4
치즈케이크,빵류,케이크류,100,g,329.145,7.225,20.632,28.638,15.276,71.853,200.667
치즈피자,빵류,피자류,200,g,553,31.4,15.8,71.2,6.8,677.57,949.96
치킨까스,튀김류,치킨류,200,g,592.998,27.913,33.918,44.021,4.154,156.962,779.271
치킨너겟,튀김류,치킨류,150,g,468,22.5,35.4,14.9,4.9,18.67,843.88
치킨데리야끼,구이류,육류구이,340,g,707,56.2,30.7,51.7,0.4,54.98,906.15
치킨버거,빵류,버거류,200,g,475,24.9,19.5,50.2,3.8,31.22,666.76
카레라이스,밥류,덮밥류,480,g,518,14.9,6.7,99.5,0.8,55.93,1007.05
카스텔라,빵류,케이크류,70,g,234,7,8,33.6,23.6,26.35,43.81
칼국수,면 및 만두류,국수류,700,g,540,23.1,3.5,104.3,0,48.41,1542
캘리포니아롤,밥류,김밥(초밥)류,300,g,487.639,12.33,9.046,89.227,8.904,145.527,1295.878
코다리찜,찜류,어패류찜,200,g,188,29,2.7,12.2,5,146.41,1240.64
콤비네이션피자,빵류,피자류,200,g,548,21.3,28.7,51.1,9.7,282.37,882.61
콩국수,면 및 만두류,국수류,800,g,651,31.2,26.8,71.4,1.9,175.57,532.23
콩나물국,국 및 탕류,채소류국.탕,400,g,24,2.9,0.3,2.4,0.7,37.97,874.4
콩나물국밥,밥류,기타 밥류,780,g,403,11.3,1.9,85.2,0,50.3,1339.02
콩나물된장국,국 및 탕류,채소류국.탕,400,g,123,10.3,4.5,10.5,2.1,81.67,1461.21
콩나물밥,밥류,기타 밥류,320,g,392,15,5.1,71.7,0.1,49.8,868.99
콩비지찌개,찌개 및 전골류,채소류찌개.전골,400,g,275,26.9,12.3,14.3,13,90.04,1156.03
크로아상,빵류,페이스트리류,150,g,669,11.3,40.5,65,9.2,55.64,685.04
크림소스스파게티,면 및 만두류,스파게티류,400,g,837.57,21.794,50.594,73.763,9.173,241.449,1030.21
탕국,국 및 탕류,어패류국.탕,250,g,92.152,13.181,4.272,0.244,0.078,76.468,656.75
탕수육,튀김류,육류튀김,200,g,358,27.2,16.8,24.8,19.1,29.01,814.66
토란국,국 및 탕류,채소류국.탕,400,g,62,4,0.5,10.4,1.1,33.75,759.86
토마토소스스파게티,면 및 만두류,스파게티류,500,g,642.583,24.349,19.152,93.204,15.598,214.536,1508.634
팔보채,볶음류,기타 볶음류,220,g,196,27.3,6.4,7.5,4.6,244.51,1883.99
팥죽,죽 및 스프류,죽류,400,g,324,12.7,0.8,66.6,0.1,39.95,508.72
페이스트리,빵류,페이스트리류,70,g,326,5.8,20.8,29.1,4.5,13.65,261.05
페퍼로니피자,빵류,피자류,200,g,532,29.4,14.8,70.3,7.5,537.91,945.22
포테이토피자,빵류,피자류,250,g,628,28,25.5,71.6,8.5,539.84,999.93
표고버섯볶음밥,밥류,볶음밥류,300,g,551,10.1,14.4,95.4,0,14.12,896.57
피자빵,빵류,기타 빵류,200,g,595,17.7,30.1,63.5,16.2,191.71,1274.89
하이라이스,밥류,덮밥류,360,g,401,14.5,4.1,76.8,0,36.69,884.09
한방오리백숙,찜류,육류찜,300,g,469.532,68.79,20.104,3.358,0.351,89.86,276.43
한치초밥,밥류,김밥(초밥)류,250,g,374.18,13.712,0.848,77.923,13.13,17.472,1199.31
함박스테이크,구이류,육류구이,200,g,347,24.2,21.5,14.4,0.1,28.45,395.28
해물덮밥,밥류,덮밥류,700,g,771.933,42.037,22.443,100.449,1.194,141.105,1802.681
해물볶음,볶음류,어패류볶음,400,g,419.06,38.2,15.3,32.2,7.4,424.35,1755.16
해물볶음밥,밥류,볶음밥류,400,g,705.217,25.105,26.996,90.459,1.222,80.696,1074.349
해물찜,찜류,어패류찜,500,g,400.08,42.6,9.8,35.4,5.5,566,2137.21
해물칼국수,면 및 만두류,국수류,900,g,628.262,22.803,4.605,123.901,3.808,128.736,2355.072
해물크림소스스파게티,면 및 만두류,스파게티류,500,g,917.569,30.394,49.789,86.973,8.356,330.736,1323.697
해물탕,국 및 탕류,어패류국.탕,600,g,267.81,39.8,4.7,16.6,0.8,492.95,2046.24
해물토마토소스스파게티,면 및 만두류,스파게티류,500,g,584.438,27.974,13.73,87.243,13.483,339.087,1533.156
햄버거,빵류,버거류,200,g,527,25.7,27.9,43.3,6.2,31.78,900.73
햄샌드위치,빵류,샌드위치류,200,g,439,24.9,23.8,31.3,3.8,160.07,1397.4
햄치즈샌드위치,빵류,샌드위치류,240,g,433,21.1,18.4,45.8,9.6,189.33,658.78
호떡,빵류,기타 빵류,150,g,470,8.1,10.6,85.7,1.1,20.57,316.31
호박죽,죽 및 스프류,죽류,400,g,197,7.7,6.8,26.3,14.2,45.87,167.39
호박찌개,찌개 및 전골류,채소류찌개.전골,300,g,95,5.6,2.6,12.2,5.8,82.63,1024.11
홍어찜,찜류,어패류찜,250,g,202.669,47.12,1.034,1.221,1.221,643.022,644.958
홍합무국,국 및 탕류,어패류국.탕,350,g,87,2.8,7.1,3,0.8,61.1,816.38
홍합미역국,국 및 탕류,어패류국.탕,650,g,167,19.7,4.7,11.6,0,227.69,2043.68
황태해장국,국 및 탕류,어패류국.탕,600,g,181.7,24.5,6.8,5.7,1.5,164.63,1533.09
회냉면,면 및 만두류,국수류,500,g,741,29,20.1,111,14.2,264.98,495.47
회덮밥,밥류,덮밥류,500,g,683.018,30.21,16.553,103.3,10.925,119.263,744.27
후라이드치킨,튀김류,치킨류,200,g,530,35.5,33.7,21.3,0,62.28,386.81
훈제오리,구이류,육류구이,250,g,797.14,43.058,64.066,12.078,0.27,38.49,1220.367
흑임자죽,죽 및 스프류,죽류,400,g,245,4.4,18.9,14.6,3,138.75,635.84
