USER_ID,ITEM_ID,TIMESTAMP
1,1,0
2,1,1
2,2,2
3,1,3
3,2,4
3,3,5
4,1,6
4,2,7
4,3,8
4,4,9
5,1,10
5,2,11
5,3,12
5,4,13
5,5,14
6,1,15
6,2,16
6,3,17
6,4,18
6,5,19
6,6,20
7,1,21
7,2,22
7,3,23
7,4,24
7,5,25
7,6,26
7,7,27
8,1,28
8,2,29
8,3,30
8,4,31
8,5,32
8,6,33
8,7,34
8,8,35
9,1,36
9,2,37
9,3,38
9,4,39
9,5,40
9,6,41
9,7,42
9,8,43
9,9,44
10,1,45
10,2,46
10,3,47
10,4,48
10,5,49
10,6,50
10,7,51
10,8,52
10,9,53
10,10,54
11,1,55
11,2,56
11,3,57
11,4,58
11,5,59
11,6,60
11,7,61
11,8,62
11,9,63
11,10,64
11,11,65
12,1,66
12,2,67
12,3,68
12,4,69
12,5,70
12,6,71
12,7,72
12,8,73
12,9,74
12,10,75
12,11,76
12,12,77
13,1,78
13,2,79
13,3,80
13,4,81
13,5,82
13,6,83
13,7,84
13,8,85
13,9,86
13,10,87
13,11,88
13,12,89
13,13,90
14,1,91
14,2,92
14,3,93
14,4,94
14,5,95
14,6,96
14,7,97
14,8,98
14,9,99
14,10,100
14,11,101
14,12,102
14,13,103
14,14,104
15,1,105
15,2,106
15,3,107
15,4,108
15,5,109
15,6,110
15,7,111
15,8,112
15,9,113
15,10,114
15,11,115
15,12,116
15,13,117
15,14,118
15,15,119
16,1,120
16,2,121
16,3,122
16,4,123
16,5,124
16,6,125
16,7,126
16,8,127
16,9,128
16,10,129
16,11,130
16,12,131
16,13,132
16,14,133
16,15,134
16,16,135
17,1,136
17,2,137
17,3,138
17,4,139
17,5,140
17,6,141
17,7,142
17,8,143
17,9,144
17,10,145
17,11,146
17,12,147
17,13,148
17,14,149
17,15,150
17,16,151
17,17,152
18,1,153
18,2,154
18,3,155
18,4,156
18,5,157
18,6,158
18,7,159
18,8,160
18,9,161
18,10,162
18,11,163
18,12,164
18,13,165
18,14,166
18,15,167
18,16,168
18,17,169
18,18,170
19,1,171
19,2,172
19,3,173
19,4,174
19,5,175
19,6,176
19,7,177
19,8,178
19,9,179
19,10,180
19,11,181
19,12,182
19,13,183
19,14,184
19,15,185
19,16,186
19,17,187
19,18,188
19,19,189
20,1,190
20,2,191
20,3,192
20,4,193
20,5,194
20,6,195
20,7,196
20,8,197
20,9,198
20,10,199
20,11,200
20,12,201
20,13,202
20,14,203
20,15,204
20,16,205
20,17,206
20,18,207
20,19,208
20,20,209
21,1,210
21,2,211
21,3,212
21,4,213
21,5,214
21,6,215
21,7,216
21,8,217
21,9,218
21,10,219
21,11,220
21,12,221
21,13,222
21,14,223
21,15,224
21,16,225
21,17,226
21,18,227
21,19,228
21,20,229
21,21,230
22,1,231
22,2,232
22,3,233
22,4,234
22,5,235
22,6,236
22,7,237
22,8,238
22,9,239
22,10,240
22,11,241
22,12,242
22,13,243
22,14,244
22,15,245
22,16,246
22,17,247
22,18,248
22,19,249
22,20,250
22,21,251
22,22,252
23,1,253
23,2,254
23,3,255
23,4,256
23,5,257
23,6,258
23,7,259
23,8,260
23,9,261
23,10,262
23,11,263
23,12,264
23,13,265
23,14,266
23,15,267
23,16,268
23,17,269
23,18,270
23,19,271
23,20,272
23,21,273
23,22,274
23,23,275
24,1,276
24,2,277
24,3,278
24,4,279
24,5,280
24,6,281
24,7,282
24,8,283
24,9,284
24,10,285
24,11,286
24,12,287
24,13,288
24,14,289
24,15,290
24,16,291
24,17,292
24,18,293
24,19,294
24,20,295
24,21,296
24,22,297
24,23,298
24,24,299
25,1,300
25,2,301
25,3,302
25,4,303
25,5,304
25,6,305
25,7,306
25,8,307
25,9,308
25,10,309
25,11,310
25,12,311
25,13,312
25,14,313
25,15,314
25,16,315
25,17,316
25,18,317
25,19,318
25,20,319
25,21,320
25,22,321
25,23,322
25,24,323
25,25,324
26,1,325
26,2,326
26,3,327
26,4,328
26,5,329
26,6,330
26,7,331
26,8,332
26,9,333
26,10,334
26,11,335
26,12,336
26,13,337
26,14,338
26,15,339
26,16,340
26,17,341
26,18,342
26,19,343
26,20,344
26,21,345
26,22,346
26,23,347
26,24,348
26,25,349
26,26,350
27,1,351
27,2,352
27,3,353
27,4,354
27,5,355
27,6,356
27,7,357
27,8,358
27,9,359
27,10,360
27,11,361
27,12,362
27,13,363
27,14,364
27,15,365
27,16,366
27,17,367
27,18,368
27,19,369
27,20,370
27,21,371
27,22,372
27,23,373
27,24,374
27,25,375
27,26,376
27,27,377
28,1,378
28,2,379
28,3,380
28,4,381
28,5,382
28,6,383
28,7,384
28,8,385
28,9,386
28,10,387
28,11,388
28,12,389
28,13,390
28,14,391
28,15,392
28,16,393
28,17,394
28,18,395
28,19,396
28,20,397
28,21,398
28,22,399
28,23,400
28,24,401
28,25,402
28,26,403
28,27,404
28,28,405
29,1,406
29,2,407
29,3,408
29,4,409
29,5,410
29,6,411
29,7,412
29,8,413
29,9,414
29,10,415
29,11,416
29,12,417
29,13,418
29,14,419
29,15,420
29,16,421
29,17,422
29,18,423
29,19,424
29,20,425
29,21,426
29,22,427
29,23,428
29,24,429
29,25,430
29,26,431
29,27,432
29,28,433
29,29,434
30,1,435
30,2,436
30,3,437
30,4,438
30,5,439
30,6,440
30,7,441
30,8,442
30,9,443
30,10,444
30,11,445
30,12,446
30,13,447
30,14,448
30,15,449
30,16,450
30,17,451
30,18,452
30,19,453
30,20,454
30,21,455
30,22,456
30,23,457
30,24,458
30,25,459
30,26,460
30,27,461
30,28,462
30,29,463
30,30,464
31,1,465
31,2,466
31,3,467
31,4,468
31,5,469
31,6,470
31,7,471
31,8,472
31,9,473
31,10,474
31,11,475
31,12,476
31,13,477
31,14,478
31,15,479
31,16,480
31,17,481
31,18,482
31,19,483
31,20,484
31,21,485
31,22,486
31,23,487
31,24,488
31,25,489
31,26,490
31,27,491
31,28,492
31,29,493
31,30,494
31,31,495
32,1,496
32,2,497
32,3,498
32,4,499
32,5,500
32,6,501
32,7,502
32,8,503
32,9,504
32,10,505
32,11,506
32,12,507
32,13,508
32,14,509
32,15,510
32,16,511
32,17,512
32,18,513
32,19,514
32,20,515
32,21,516
32,22,517
32,23,518
32,24,519
32,25,520
32,26,521
32,27,522
32,28,523
32,29,524
32,30,525
32,31,526
32,32,527
33,1,528
33,2,529
33,3,530
33,4,531
33,5,532
33,6,533
33,7,534
33,8,535
33,9,536
33,10,537
33,11,538
33,12,539
33,13,540
33,14,541
33,15,542
33,16,543
33,17,544
33,18,545
33,19,546
33,20,547
33,21,548
33,22,549
33,23,550
33,24,551
33,25,552
33,26,553
33,27,554
33,28,555
33,29,556
33,30,557
33,31,558
33,32,559
33,33,560
34,1,561
34,2,562
34,3,563
34,4,564
34,5,565
34,6,566
34,7,567
34,8,568
34,9,569
34,10,570
34,11,571
34,12,572
34,13,573
34,14,574
34,15,575
34,16,576
34,17,577
34,18,578
34,19,579
34,20,580
34,21,581
34,22,582
34,23,583
34,24,584
34,25,585
34,26,586
34,27,587
34,28,588
34,29,589
34,30,590
34,31,591
34,32,592
34,33,593
34,34,594
35,1,595
35,2,596
35,3,597
35,4,598
35,5,599
35,6,600
35,7,601
35,8,602
35,9,603
35,10,604
35,11,605
35,12,606
35,13,607
35,14,608
35,15,609
35,16,610
35,17,611
35,18,612
35,19,613
35,20,614
35,21,615
35,22,616
35,23,617
35,24,618
35,25,619
35,26,620
35,27,621
35,28,622
35,29,623
35,30,624
35,31,625
35,32,626
35,33,627
35,34,628
35,35,629
36,1,630
36,2,631
36,3,632
36,4,633
36,5,634
36,6,635
36,7,636
36,8,637
36,9,638
36,10,639
36,11,640
36,12,641
36,13,642
36,14,643
36,15,644
36,16,645
36,17,646
36,18,647
36,19,648
36,20,649
36,21,650
36,22,651
36,23,652
36,24,653
36,25,654
36,26,655
36,27,656
36,28,657
36,29,658
36,30,659
36,31,660
36,32,661
36,33,662
36,34,663
36,35,664
36,36,665
37,1,666
37,2,667
37,3,668
37,4,669
37,5,670
37,6,671
37,7,672
37,8,673
37,9,674
37,10,675
37,11,676
37,12,677
37,13,678
37,14,679
37,15,680
37,16,681
37,17,682
37,18,683
37,19,684
37,20,685
37,21,686
37,22,687
37,23,688
37,24,689
37,25,690
37,26,691
37,27,692
37,28,693
37,29,694
37,30,695
37,31,696
37,32,697
37,33,698
37,34,699
37,35,700
37,36,701
37,37,702
38,1,703
38,2,704
38,3,705
38,4,706
38,5,707
38,6,708
38,7,709
38,8,710
38,9,711
38,10,712
38,11,713
38,12,714
38,13,715
38,14,716
38,15,717
38,16,718
38,17,719
38,18,720
38,19,721
38,20,722
38,21,723
38,22,724
38,23,725
38,24,726
38,25,727
38,26,728
38,27,729
38,28,730
38,29,731
38,30,732
38,31,733
38,32,734
38,33,735
38,34,736
38,35,737
38,36,738
38,37,739
38,38,740
39,1,741
39,2,742
39,3,743
39,4,744
39,5,745
39,6,746
39,7,747
39,8,748
39,9,749
39,10,750
39,11,751
39,12,752
39,13,753
39,14,754
39,15,755
39,16,756
39,17,757
39,18,758
39,19,759
39,20,760
39,21,761
39,22,762
39,23,763
39,24,764
39,25,765
39,26,766
39,27,767
39,28,768
39,29,769
39,30,770
39,31,771
39,32,772
39,33,773
39,34,774
39,35,775
39,36,776
39,37,777
39,38,778
39,39,779
40,1,780
40,2,781
40,3,782
40,4,783
40,5,784
40,6,785
40,7,786
40,8,787
40,9,788
40,10,789
40,11,790
40,12,791
40,13,792
40,14,793
40,15,794
40,16,795
40,17,796
40,18,797
40,19,798
40,20,799
40,21,800
40,22,801
40,23,802
40,24,803
40,25,804
40,26,805
40,27,806
40,28,807
40,29,808
40,30,809
40,31,810
40,32,811
40,33,812
40,34,813
40,35,814
40,36,815
40,37,816
40,38,817
40,39,818
40,40,819
41,1,820
41,2,821
41,3,822
41,4,823
41,5,824
41,6,825
41,7,826
41,8,827
41,9,828
41,10,829
41,11,830
41,12,831
41,13,832
41,14,833
41,15,834
41,16,835
41,17,836
41,18,837
41,19,838
41,20,839
41,21,840
41,22,841
41,23,842
41,24,843
41,25,844
41,26,845
41,27,846
41,28,847
41,29,848
41,30,849
41,31,850
41,32,851
41,33,852
41,34,853
41,35,854
41,36,855
41,37,856
41,38,857
41,39,858
41,40,859
41,41,860
42,1,861
42,2,862
42,3,863
42,4,864
42,5,865
42,6,866
42,7,867
42,8,868
42,9,869
42,10,870
42,11,871
42,12,872
42,13,873
42,14,874
42,15,875
42,16,876
42,17,877
42,18,878
42,19,879
42,20,880
42,21,881
42,22,882
42,23,883
42,24,884
42,25,885
42,26,886
42,27,887
42,28,888
42,29,889
42,30,890
42,31,891
42,32,892
42,33,893
42,34,894
42,35,895
42,36,896
42,37,897
42,38,898
42,39,899
42,40,900
42,41,901
42,42,902
43,1,903
43,2,904
43,3,905
43,4,906
43,5,907
43,6,908
43,7,909
43,8,910
43,9,911
43,10,912
43,11,913
43,12,914
43,13,915
43,14,916
43,15,917
43,16,918
43,17,919
43,18,920
43,19,921
43,20,922
43,21,923
43,22,924
43,23,925
43,24,926
43,25,927
43,26,928
43,27,929
43,28,930
43,29,931
43,30,932
43,31,933
43,32,934
43,33,935
43,34,936
43,35,937
43,36,938
43,37,939
43,38,940
43,39,941
43,40,942
43,41,943
43,42,944
43,43,945
44,1,946
44,2,947
44,3,948
44,4,949
44,5,950
44,6,951
44,7,952
44,8,953
44,9,954
44,10,955
44,11,956
44,12,957
44,13,958
44,14,959
44,15,960
44,16,961
44,17,962
44,18,963
44,19,964
44,20,965
44,21,966
44,22,967
44,23,968
44,24,969
44,25,970
44,26,971
44,27,972
44,28,973
44,29,974
44,30,975
44,31,976
44,32,977
44,33,978
44,34,979
44,35,980
44,36,981
44,37,982
44,38,983
44,39,984
44,40,985
44,41,986
44,42,987
44,43,988
44,44,989
45,1,990
45,2,991
45,3,992
45,4,993
45,5,994
45,6,995
45,7,996
45,8,997
45,9,998
45,10,999
45,11,1000
45,12,1001
45,13,1002
45,14,1003
45,15,1004
45,16,1005
45,17,1006
45,18,1007
45,19,1008
45,20,1009
45,21,1010
45,22,1011
45,23,1012
45,24,1013
45,25,1014
45,26,1015
45,27,1016
45,28,1017
45,29,1018
45,30,1019
45,31,1020
45,32,1021
45,33,1022
45,34,1023
45,35,1024
45,36,1025
45,37,1026
45,38,1027
45,39,1028
45,40,1029
45,41,1030
45,42,1031
45,43,1032
45,44,1033
45,45,1034
46,1,1035
46,2,1036
46,3,1037
46,4,1038
46,5,1039
46,6,1040
46,7,1041
46,8,1042
46,9,1043
46,10,1044
46,11,1045
46,12,1046
46,13,1047
46,14,1048
46,15,1049
46,16,1050
46,17,1051
46,18,1052
46,19,1053
46,20,1054
46,21,1055
46,22,1056
46,23,1057
46,24,1058
46,25,1059
46,26,1060
46,27,1061
46,28,1062
46,29,1063
46,30,1064
46,31,1065
46,32,1066
46,33,1067
46,34,1068
46,35,1069
46,36,1070
46,37,1071
46,38,1072
46,39,1073
46,40,1074
46,41,1075
46,42,1076
46,43,1077
46,44,1078
46,45,1079
46,46,1080
47,1,1081
47,2,1082
47,3,1083
47,4,1084
47,5,1085
47,6,1086
47,7,1087
47,8,1088
47,9,1089
47,10,1090
47,11,1091
47,12,1092
47,13,1093
47,14,1094
47,15,1095
47,16,1096
47,17,1097
47,18,1098
47,19,1099
47,20,1100
47,21,1101
47,22,1102
47,23,1103
47,24,1104
47,25,1105
47,26,1106
47,27,1107
47,28,1108
47,29,1109
47,30,1110
47,31,1111
47,32,1112
47,33,1113
47,34,1114
47,35,1115
47,36,1116
47,37,1117
47,38,1118
47,39,1119
47,40,1120
47,41,1121
47,42,1122
47,43,1123
47,44,1124
47,45,1125
47,46,1126
47,47,1127
48,1,1128
48,2,1129
48,3,1130
48,4,1131
48,5,1132
48,6,1133
48,7,1134
48,8,1135
48,9,1136
48,10,1137
48,11,1138
48,12,1139
48,13,1140
48,14,1141
48,15,1142
48,16,1143
48,17,1144
48,18,1145
48,19,1146
48,20,1147
48,21,1148
48,22,1149
48,23,1150
48,24,1151
48,25,1152
48,26,1153
48,27,1154
48,28,1155
48,29,1156
48,30,1157
48,31,1158
48,32,1159
48,33,1160
48,34,1161
48,35,1162
48,36,1163
48,37,1164
48,38,1165
48,39,1166
48,40,1167
48,41,1168
48,42,1169
48,43,1170
48,44,1171
48,45,1172
48,46,1173
48,47,1174
48,48,1175
49,1,1176
49,2,1177
49,3,1178
49,4,1179
49,5,1180
49,6,1181
49,7,1182
49,8,1183
49,9,1184
49,10,1185
49,11,1186
49,12,1187
49,13,1188
49,14,1189
49,15,1190
49,16,1191
49,17,1192
49,18,1193
49,19,1194
49,20,1195
49,21,1196
49,22,1197
49,23,1198
49,24,1199
49,25,1200
49,26,1201
49,27,1202
49,28,1203
49,29,1204
49,30,1205
49,31,1206
49,32,1207
49,33,1208
49,34,1209
49,35,1210
49,36,1211
49,37,1212
49,38,1213
49,39,1214
49,40,1215
49,41,1216
49,42,1217
49,43,1218
49,44,1219
49,45,1220
49,46,1221
49,47,1222
49,48,1223
49,49,1224
50,1,1225
50,2,1226
50,3,1227
50,4,1228
50,5,1229
50,6,1230
50,7,1231
50,8,1232
50,9,1233
50,10,1234
50,11,1235
50,12,1236
50,13,1237
50,14,1238
50,15,1239
50,16,1240
50,17,1241
50,18,1242
50,19,1243
50,20,1244
50,21,1245
50,22,1246
50,23,1247
50,24,1248
50,25,1249
50,26,1250
50,27,1251
50,28,1252
50,29,1253
50,30,1254
50,31,1255
50,32,1256
50,33,1257
50,34,1258
50,35,1259
50,36,1260
50,37,1261
50,38,1262
50,39,1263
50,40,1264
50,41,1265
50,42,1266
50,43,1267
50,44,1268
50,45,1269
50,46,1270
50,47,1271
50,48,1272
50,49,1273
50,50,1274
51,1,1275
51,2,1276
51,3,1277
51,4,1278
51,5,1279
51,6,1280
51,7,1281
51,8,1282
51,9,1283
51,10,1284
51,11,1285
51,12,1286
51,13,1287
51,14,1288
51,15,1289
51,16,1290
51,17,1291
51,18,1292
51,19,1293
51,20,1294
51,21,1295
51,22,1296
51,23,1297
51,24,1298
51,25,1299
51,26,1300
51,27,1301
51,28,1302
51,29,1303
51,30,1304
51,31,1305
51,32,1306
51,33,1307
51,34,1308
51,35,1309
51,36,1310
51,37,1311
51,38,1312
51,39,1313
51,40,1314
51,41,1315
51,42,1316
51,43,1317
51,44,1318
51,45,1319
51,46,1320
51,47,1321
51,48,1322
51,49,1323
51,50,1324
51,51,1325
52,1,1326
52,2,1327
52,3,1328
52,4,1329
52,5,1330
52,6,1331
52,7,1332
52,8,1333
52,9,1334
52,10,1335
52,11,1336
52,12,1337
52,13,1338
52,14,1339
52,15,1340
52,16,1341
52,17,1342
52,18,1343
52,19,1344
52,20,1345
52,21,1346
52,22,1347
52,23,1348
52,24,1349
52,25,1350
52,26,1351
52,27,1352
52,28,1353
52,29,1354
52,30,1355
52,31,1356
52,32,1357
52,33,1358
52,34,1359
52,35,1360
52,36,1361
52,37,1362
52,38,1363
52,39,1364
52,40,1365
52,41,1366
52,42,1367
52,43,1368
52,44,1369
52,45,1370
52,46,1371
52,47,1372
52,48,1373
52,49,1374
52,50,1375
52,51,1376
52,52,1377
53,1,1378
53,2,1379
53,3,1380
53,4,1381
53,5,1382
53,6,1383
53,7,1384
53,8,1385
53,9,1386
53,10,1387
53,11,1388
53,12,1389
53,13,1390
53,14,1391
53,15,1392
53,16,1393
53,17,1394
53,18,1395
53,19,1396
53,20,1397
53,21,1398
53,22,1399
53,23,1400
53,24,1401
53,25,1402
53,26,1403
53,27,1404
53,28,1405
53,29,1406
53,30,1407
53,31,1408
53,32,1409
53,33,1410
53,34,1411
53,35,1412
53,36,1413
53,37,1414
53,38,1415
53,39,1416
53,40,1417
53,41,1418
53,42,1419
53,43,1420
53,44,1421
53,45,1422
53,46,1423
53,47,1424
53,48,1425
53,49,1426
53,50,1427
53,51,1428
53,52,1429
53,53,1430
54,1,1431
54,2,1432
54,3,1433
54,4,1434
54,5,1435
54,6,1436
54,7,1437
54,8,1438
54,9,1439
54,10,1440
54,11,1441
54,12,1442
54,13,1443
54,14,1444
54,15,1445
54,16,1446
54,17,1447
54,18,1448
54,19,1449
54,20,1450
54,21,1451
54,22,1452
54,23,1453
54,24,1454
54,25,1455
54,26,1456
54,27,1457
54,28,1458
54,29,1459
54,30,1460
54,31,1461
54,32,1462
54,33,1463
54,34,1464
54,35,1465
54,36,1466
54,37,1467
54,38,1468
54,39,1469
54,40,1470
54,41,1471
54,42,1472
54,43,1473
54,44,1474
54,45,1475
54,46,1476
54,47,1477
54,48,1478
54,49,1479
54,50,1480
54,51,1481
54,52,1482
54,53,1483
54,54,1484
55,1,1485
55,2,1486
55,3,1487
55,4,1488
55,5,1489
55,6,1490
55,7,1491
55,8,1492
55,9,1493
55,10,1494
55,11,1495
55,12,1496
55,13,1497
55,14,1498
55,15,1499
55,16,1500
55,17,1501
55,18,1502
55,19,1503
55,20,1504
55,21,1505
55,22,1506
55,23,1507
55,24,1508
55,25,1509
55,26,1510
55,27,1511
55,28,1512
55,29,1513
55,30,1514
55,31,1515
55,32,1516
55,33,1517
55,34,1518
55,35,1519
55,36,1520
55,37,1521
55,38,1522
55,39,1523
55,40,1524
55,41,1525
55,42,1526
55,43,1527
55,44,1528
55,45,1529
55,46,1530
55,47,1531
55,48,1532
55,49,1533
55,50,1534
55,51,1535
55,52,1536
55,53,1537
55,54,1538
55,55,1539
56,1,1540
56,2,1541
56,3,1542
56,4,1543
56,5,1544
56,6,1545
56,7,1546
56,8,1547
56,9,1548
56,10,1549
56,11,1550
56,12,1551
56,13,1552
56,14,1553
56,15,1554
56,16,1555
56,17,1556
56,18,1557
56,19,1558
56,20,1559
56,21,1560
56,22,1561
56,23,1562
56,24,1563
56,25,1564
56,26,1565
56,27,1566
56,28,1567
56,29,1568
56,30,1569
56,31,1570
56,32,1571
56,33,1572
56,34,1573
56,35,1574
56,36,1575
56,37,1576
56,38,1577
56,39,1578
56,40,1579
56,41,1580
56,42,1581
56,43,1582
56,44,1583
56,45,1584
56,46,1585
56,47,1586
56,48,1587
56,49,1588
56,50,1589
56,51,1590
56,52,1591
56,53,1592
56,54,1593
56,55,1594
56,56,1595
57,1,1596
57,2,1597
57,3,1598
57,4,1599
57,5,1600
57,6,1601
57,7,1602
57,8,1603
57,9,1604
57,10,1605
57,11,1606
57,12,1607
57,13,1608
57,14,1609
57,15,1610
57,16,1611
57,17,1612
57,18,1613
57,19,1614
57,20,1615
57,21,1616
57,22,1617
57,23,1618
57,24,1619
57,25,1620
57,26,1621
57,27,1622
57,28,1623
57,29,1624
57,30,1625
57,31,1626
57,32,1627
57,33,1628
57,34,1629
57,35,1630
57,36,1631
57,37,1632
57,38,1633
57,39,1634
57,40,1635
57,41,1636
57,42,1637
57,43,1638
57,44,1639
57,45,1640
57,46,1641
57,47,1642
57,48,1643
57,49,1644
57,50,1645
57,51,1646
57,52,1647
57,53,1648
57,54,1649
57,55,1650
57,56,1651
57,57,1652
58,1,1653
58,2,1654
58,3,1655
58,4,1656
58,5,1657
58,6,1658
58,7,1659
58,8,1660
58,9,1661
58,10,1662
58,11,1663
58,12,1664
58,13,1665
58,14,1666
58,15,1667
58,16,1668
58,17,1669
58,18,1670
58,19,1671
58,20,1672
58,21,1673
58,22,1674
58,23,1675
58,24,1676
58,25,1677
58,26,1678
58,27,1679
58,28,1680
58,29,1681
58,30,1682
58,31,1683
58,32,1684
58,33,1685
58,34,1686
58,35,1687
58,36,1688
58,37,1689
58,38,1690
58,39,1691
58,40,1692
58,41,1693
58,42,1694
58,43,1695
58,44,1696
58,45,1697
58,46,1698
58,47,1699
58,48,1700
58,49,1701
58,50,1702
58,51,1703
58,52,1704
58,53,1705
58,54,1706
58,55,1707
58,56,1708
58,57,1709
58,58,1710
59,1,1711
59,2,1712
59,3,1713
59,4,1714
59,5,1715
59,6,1716
59,7,1717
59,8,1718
59,9,1719
59,10,1720
59,11,1721
59,12,1722
59,13,1723
59,14,1724
59,15,1725
59,16,1726
59,17,1727
59,18,1728
59,19,1729
59,20,1730
59,21,1731
59,22,1732
59,23,1733
59,24,1734
59,25,1735
59,26,1736
59,27,1737
59,28,1738
59,29,1739
59,30,1740
59,31,1741
59,32,1742
59,33,1743
59,34,1744
59,35,1745
59,36,1746
59,37,1747
59,38,1748
59,39,1749
59,40,1750
59,41,1751
59,42,1752
59,43,1753
59,44,1754
59,45,1755
59,46,1756
59,47,1757
59,48,1758
59,49,1759
59,50,1760
59,51,1761
59,52,1762
59,53,1763
59,54,1764
59,55,1765
59,56,1766
59,57,1767
59,58,1768
59,59,1769
60,1,1770
60,2,1771
60,3,1772
60,4,1773
60,5,1774
60,6,1775
60,7,1776
60,8,1777
60,9,1778
60,10,1779
60,11,1780
60,12,1781
60,13,1782
60,14,1783
60,15,1784
60,16,1785
60,17,1786
60,18,1787
60,19,1788
60,20,1789
60,21,1790
60,22,1791
60,23,1792
60,24,1793
60,25,1794
60,26,1795
60,27,1796
60,28,1797
60,29,1798
60,30,1799
60,31,1800
60,32,1801
60,33,1802
60,34,1803
60,35,1804
60,36,1805
60,37,1806
60,38,1807
60,39,1808
60,40,1809
60,41,1810
60,42,1811
60,43,1812
60,44,1813
60,45,1814
60,46,1815
60,47,1816
60,48,1817
60,49,1818
60,50,1819
60,51,1820
60,52,1821
60,53,1822
60,54,1823
60,55,1824
60,56,1825
60,57,1826
60,58,1827
60,59,1828
60,60,1829
61,1,1830
61,2,1831
61,3,1832
61,4,1833
61,5,1834
61,6,1835
61,7,1836
61,8,1837
61,9,1838
61,10,1839
61,11,1840
61,12,1841
61,13,1842
61,14,1843
61,15,1844
61,16,1845
61,17,1846
61,18,1847
61,19,1848
61,20,1849
61,21,1850
61,22,1851
61,23,1852
61,24,1853
61,25,1854
61,26,1855
61,27,1856
61,28,1857
61,29,1858
61,30,1859
61,31,1860
61,32,1861
61,33,1862
61,34,1863
61,35,1864
61,36,1865
61,37,1866
61,38,1867
61,39,1868
61,40,1869
61,41,1870
61,42,1871
61,43,1872
61,44,1873
61,45,1874
61,46,1875
61,47,1876
61,48,1877
61,49,1878
61,50,1879
61,51,1880
61,52,1881
61,53,1882
61,54,1883
61,55,1884
61,56,1885
61,57,1886
61,58,1887
61,59,1888
61,60,1889
61,61,1890
62,1,1891
62,2,1892
62,3,1893
62,4,1894
62,5,1895
62,6,1896
62,7,1897
62,8,1898
62,9,1899
62,10,1900
62,11,1901
62,12,1902
62,13,1903
62,14,1904
62,15,1905
62,16,1906
62,17,1907
62,18,1908
62,19,1909
62,20,1910
62,21,1911
62,22,1912
62,23,1913
62,24,1914
62,25,1915
62,26,1916
62,27,1917
62,28,1918
62,29,1919
62,30,1920
62,31,1921
62,32,1922
62,33,1923
62,34,1924
62,35,1925
62,36,1926
62,37,1927
62,38,1928
62,39,1929
62,40,1930
62,41,1931
62,42,1932
62,43,1933
62,44,1934
62,45,1935
62,46,1936
62,47,1937
62,48,1938
62,49,1939
62,50,1940
62,51,1941
62,52,1942
62,53,1943
62,54,1944
62,55,1945
62,56,1946
62,57,1947
62,58,1948
62,59,1949
62,60,1950
62,61,1951
62,62,1952
63,1,1953
63,2,1954
63,3,1955
63,4,1956
63,5,1957
63,6,1958
63,7,1959
63,8,1960
63,9,1961
63,10,1962
63,11,1963
63,12,1964
63,13,1965
63,14,1966
63,15,1967
63,16,1968
63,17,1969
63,18,1970
63,19,1971
63,20,1972
63,21,1973
63,22,1974
63,23,1975
63,24,1976
63,25,1977
63,26,1978
63,27,1979
63,28,1980
63,29,1981
63,30,1982
63,31,1983
63,32,1984
63,33,1985
63,34,1986
63,35,1987
63,36,1988
63,37,1989
63,38,1990
63,39,1991
63,40,1992
63,41,1993
63,42,1994
63,43,1995
63,44,1996
63,45,1997
63,46,1998
63,47,1999
63,48,2000
63,49,2001
63,50,2002
63,51,2003
63,52,2004
63,53,2005
63,54,2006
63,55,2007
63,56,2008
63,57,2009
63,58,2010
63,59,2011
63,60,2012
63,61,2013
63,62,2014
63,63,2015
64,1,2016
64,2,2017
64,3,2018
64,4,2019
64,5,2020
64,6,2021
64,7,2022
64,8,2023
64,9,2024
64,10,2025
64,11,2026
64,12,2027
64,13,2028
64,14,2029
64,15,2030
64,16,2031
64,17,2032
64,18,2033
64,19,2034
64,20,2035
64,21,2036
64,22,2037
64,23,2038
64,24,2039
64,25,2040
64,26,2041
64,27,2042
64,28,2043
64,29,2044
64,30,2045
64,31,2046
64,32,2047
64,33,2048
64,34,2049
64,35,2050
64,36,2051
64,37,2052
64,38,2053
64,39,2054
64,40,2055
64,41,2056
64,42,2057
64,43,2058
64,44,2059
64,45,2060
64,46,2061
64,47,2062
64,48,2063
64,49,2064
64,50,2065
64,51,2066
64,52,2067
64,53,2068
64,54,2069
64,55,2070
64,56,2071
64,57,2072
64,58,2073
64,59,2074
64,60,2075
64,61,2076
64,62,2077
64,63,2078
64,64,2079
65,1,2080
65,2,2081
65,3,2082
65,4,2083
65,5,2084
65,6,2085
65,7,2086
65,8,2087
65,9,2088
65,10,2089
65,11,2090
65,12,2091
65,13,2092
65,14,2093
65,15,2094
65,16,2095
65,17,2096
65,18,2097
65,19,2098
65,20,2099
65,21,2100
65,22,2101
65,23,2102
65,24,2103
65,25,2104
65,26,2105
65,27,2106
65,28,2107
65,29,2108
65,30,2109
65,31,2110
65,32,2111
65,33,2112
65,34,2113
65,35,2114
65,36,2115
65,37,2116
65,38,2117
65,39,2118
65,40,2119
65,41,2120
65,42,2121
65,43,2122
65,44,2123
65,45,2124
65,46,2125
65,47,2126
65,48,2127
65,49,2128
65,50,2129
65,51,2130
65,52,2131
65,53,2132
65,54,2133
65,55,2134
65,56,2135
65,57,2136
65,58,2137
65,59,2138
65,60,2139
65,61,2140
65,62,2141
65,63,2142
65,64,2143
65,65,2144
66,1,2145
66,2,2146
66,3,2147
66,4,2148
66,5,2149
66,6,2150
66,7,2151
66,8,2152
66,9,2153
66,10,2154
66,11,2155
66,12,2156
66,13,2157
66,14,2158
66,15,2159
66,16,2160
66,17,2161
66,18,2162
66,19,2163
66,20,2164
66,21,2165
66,22,2166
66,23,2167
66,24,2168
66,25,2169
66,26,2170
66,27,2171
66,28,2172
66,29,2173
66,30,2174
66,31,2175
66,32,2176
66,33,2177
66,34,2178
66,35,2179
66,36,2180
66,37,2181
66,38,2182
66,39,2183
66,40,2184
66,41,2185
66,42,2186
66,43,2187
66,44,2188
66,45,2189
66,46,2190
66,47,2191
66,48,2192
66,49,2193
66,50,2194
66,51,2195
66,52,2196
66,53,2197
66,54,2198
66,55,2199
66,56,2200
66,57,2201
66,58,2202
66,59,2203
66,60,2204
66,61,2205
66,62,2206
66,63,2207
66,64,2208
66,65,2209
66,66,2210
67,1,2211
67,2,2212
67,3,2213
67,4,2214
67,5,2215
67,6,2216
67,7,2217
67,8,2218
67,9,2219
67,10,2220
67,11,2221
67,12,2222
67,13,2223
67,14,2224
67,15,2225
67,16,2226
67,17,2227
67,18,2228
67,19,2229
67,20,2230
67,21,2231
67,22,2232
67,23,2233
67,24,2234
67,25,2235
67,26,2236
67,27,2237
67,28,2238
67,29,2239
67,30,2240
67,31,2241
67,32,2242
67,33,2243
67,34,2244
67,35,2245
67,36,2246
67,37,2247
67,38,2248
67,39,2249
67,40,2250
67,41,2251
67,42,2252
67,43,2253
67,44,2254
67,45,2255
67,46,2256
67,47,2257
67,48,2258
67,49,2259
67,50,2260
67,51,2261
67,52,2262
67,53,2263
67,54,2264
67,55,2265
67,56,2266
67,57,2267
67,58,2268
67,59,2269
67,60,2270
67,61,2271
67,62,2272
67,63,2273
67,64,2274
67,65,2275
67,66,2276
67,67,2277
68,1,2278
68,2,2279
68,3,2280
68,4,2281
68,5,2282
68,6,2283
68,7,2284
68,8,2285
68,9,2286
68,10,2287
68,11,2288
68,12,2289
68,13,2290
68,14,2291
68,15,2292
68,16,2293
68,17,2294
68,18,2295
68,19,2296
68,20,2297
68,21,2298
68,22,2299
68,23,2300
68,24,2301
68,25,2302
68,26,2303
68,27,2304
68,28,2305
68,29,2306
68,30,2307
68,31,2308
68,32,2309
68,33,2310
68,34,2311
68,35,2312
68,36,2313
68,37,2314
68,38,2315
68,39,2316
68,40,2317
68,41,2318
68,42,2319
68,43,2320
68,44,2321
68,45,2322
68,46,2323
68,47,2324
68,48,2325
68,49,2326
68,50,2327
68,51,2328
68,52,2329
68,53,2330
68,54,2331
68,55,2332
68,56,2333
68,57,2334
68,58,2335
68,59,2336
68,60,2337
68,61,2338
68,62,2339
68,63,2340
68,64,2341
68,65,2342
68,66,2343
68,67,2344
68,68,2345
69,1,2346
69,2,2347
69,3,2348
69,4,2349
69,5,2350
69,6,2351
69,7,2352
69,8,2353
69,9,2354
69,10,2355
69,11,2356
69,12,2357
69,13,2358
69,14,2359
69,15,2360
69,16,2361
69,17,2362
69,18,2363
69,19,2364
69,20,2365
69,21,2366
69,22,2367
69,23,2368
69,24,2369
69,25,2370
69,26,2371
69,27,2372
69,28,2373
69,29,2374
69,30,2375
69,31,2376
69,32,2377
69,33,2378
69,34,2379
69,35,2380
69,36,2381
69,37,2382
69,38,2383
69,39,2384
69,40,2385
69,41,2386
69,42,2387
69,43,2388
69,44,2389
69,45,2390
69,46,2391
69,47,2392
69,48,2393
69,49,2394
69,50,2395
69,51,2396
69,52,2397
69,53,2398
69,54,2399
69,55,2400
69,56,2401
69,57,2402
69,58,2403
69,59,2404
69,60,2405
69,61,2406
69,62,2407
69,63,2408
69,64,2409
69,65,2410
69,66,2411
69,67,2412
69,68,2413
69,69,2414
70,1,2415
70,2,2416
70,3,2417
70,4,2418
70,5,2419
70,6,2420
70,7,2421
70,8,2422
70,9,2423
70,10,2424
70,11,2425
70,12,2426
70,13,2427
70,14,2428
70,15,2429
70,16,2430
70,17,2431
70,18,2432
70,19,2433
70,20,2434
70,21,2435
70,22,2436
70,23,2437
70,24,2438
70,25,2439
70,26,2440
70,27,2441
70,28,2442
70,29,2443
70,30,2444
70,31,2445
70,32,2446
70,33,2447
70,34,2448
70,35,2449
70,36,2450
70,37,2451
70,38,2452
70,39,2453
70,40,2454
70,41,2455
70,42,2456
70,43,2457
70,44,2458
70,45,2459
70,46,2460
70,47,2461
70,48,2462
70,49,2463
70,50,2464
70,51,2465
70,52,2466
70,53,2467
70,54,2468
70,55,2469
70,56,2470
70,57,2471
70,58,2472
70,59,2473
70,60,2474
70,61,2475
70,62,2476
70,63,2477
70,64,2478
70,65,2479
70,66,2480
70,67,2481
70,68,2482
70,69,2483
70,70,2484
71,1,2485
71,2,2486
71,3,2487
71,4,2488
71,5,2489
71,6,2490
71,7,2491
71,8,2492
71,9,2493
71,10,2494
71,11,2495
71,12,2496
71,13,2497
71,14,2498
71,15,2499
71,16,2500
71,17,2501
71,18,2502
71,19,2503
71,20,2504
71,21,2505
71,22,2506
71,23,2507
71,24,2508
71,25,2509
71,26,2510
71,27,2511
71,28,2512
71,29,2513
71,30,2514
71,31,2515
71,32,2516
71,33,2517
71,34,2518
71,35,2519
71,36,2520
71,37,2521
71,38,2522
71,39,2523
71,40,2524
71,41,2525
71,42,2526
71,43,2527
71,44,2528
71,45,2529
71,46,2530
71,47,2531
71,48,2532
71,49,2533
71,50,2534
71,51,2535
71,52,2536
71,53,2537
71,54,2538
71,55,2539
71,56,2540
71,57,2541
71,58,2542
71,59,2543
71,60,2544
71,61,2545
71,62,2546
71,63,2547
71,64,2548
71,65,2549
71,66,2550
71,67,2551
71,68,2552
71,69,2553
71,70,2554
71,71,2555
72,1,2556
72,2,2557
72,3,2558
72,4,2559
72,5,2560
72,6,2561
72,7,2562
72,8,2563
72,9,2564
72,10,2565
72,11,2566
72,12,2567
72,13,2568
72,14,2569
72,15,2570
72,16,2571
72,17,2572
72,18,2573
72,19,2574
72,20,2575
72,21,2576
72,22,2577
72,23,2578
72,24,2579
72,25,2580
72,26,2581
72,27,2582
72,28,2583
72,29,2584
72,30,2585
72,31,2586
72,32,2587
72,33,2588
72,34,2589
72,35,2590
72,36,2591
72,37,2592
72,38,2593
72,39,2594
72,40,2595
72,41,2596
72,42,2597
72,43,2598
72,44,2599
72,45,2600
72,46,2601
72,47,2602
72,48,2603
72,49,2604
72,50,2605
72,51,2606
72,52,2607
72,53,2608
72,54,2609
72,55,2610
72,56,2611
72,57,2612
72,58,2613
72,59,2614
72,60,2615
72,61,2616
72,62,2617
72,63,2618
72,64,2619
72,65,2620
72,66,2621
72,67,2622
72,68,2623
72,69,2624
72,70,2625
72,71,2626
72,72,2627
73,1,2628
73,2,2629
73,3,2630
73,4,2631
73,5,2632
73,6,2633
73,7,2634
73,8,2635
73,9,2636
73,10,2637
73,11,2638
73,12,2639
73,13,2640
73,14,2641
73,15,2642
73,16,2643
73,17,2644
73,18,2645
73,19,2646
73,20,2647
73,21,2648
73,22,2649
73,23,2650
73,24,2651
73,25,2652
73,26,2653
73,27,2654
73,28,2655
73,29,2656
73,30,2657
73,31,2658
73,32,2659
73,33,2660
73,34,2661
73,35,2662
73,36,2663
73,37,2664
73,38,2665
73,39,2666
73,40,2667
73,41,2668
73,42,2669
73,43,2670
73,44,2671
73,45,2672
73,46,2673
73,47,2674
73,48,2675
73,49,2676
73,50,2677
73,51,2678
73,52,2679
73,53,2680
73,54,2681
73,55,2682
73,56,2683
73,57,2684
73,58,2685
73,59,2686
73,60,2687
73,61,2688
73,62,2689
73,63,2690
73,64,2691
73,65,2692
73,66,2693
73,67,2694
73,68,2695
73,69,2696
73,70,2697
73,71,2698
73,72,2699
73,73,2700
74,1,2701
74,2,2702
74,3,2703
74,4,2704
74,5,2705
74,6,2706
74,7,2707
74,8,2708
74,9,2709
74,10,2710
74,11,2711
74,12,2712
74,13,2713
74,14,2714
74,15,2715
74,16,2716
74,17,2717
74,18,2718
74,19,2719
74,20,2720
74,21,2721
74,22,2722
74,23,2723
74,24,2724
74,25,2725
74,26,2726
74,27,2727
74,28,2728
74,29,2729
74,30,2730
74,31,2731
74,32,2732
74,33,2733
74,34,2734
74,35,2735
74,36,2736
74,37,2737
74,38,2738
74,39,2739
74,40,2740
74,41,2741
74,42,2742
74,43,2743
74,44,2744
74,45,2745
74,46,2746
74,47,2747
74,48,2748
74,49,2749
74,50,2750
74,51,2751
74,52,2752
74,53,2753
74,54,2754
74,55,2755
74,56,2756
74,57,2757
74,58,2758
74,59,2759
74,60,2760
74,61,2761
74,62,2762
74,63,2763
74,64,2764
74,65,2765
74,66,2766
74,67,2767
74,68,2768
74,69,2769
74,70,2770
74,71,2771
74,72,2772
74,73,2773
74,74,2774
75,1,2775
75,2,2776
75,3,2777
75,4,2778
75,5,2779
75,6,2780
75,7,2781
75,8,2782
75,9,2783
75,10,2784
75,11,2785
75,12,2786
75,13,2787
75,14,2788
75,15,2789
75,16,2790
75,17,2791
75,18,2792
75,19,2793
75,20,2794
75,21,2795
75,22,2796
75,23,2797
75,24,2798
75,25,2799
75,26,2800
75,27,2801
75,28,2802
75,29,2803
75,30,2804
75,31,2805
75,32,2806
75,33,2807
75,34,2808
75,35,2809
75,36,2810
75,37,2811
75,38,2812
75,39,2813
75,40,2814
75,41,2815
75,42,2816
75,43,2817
75,44,2818
75,45,2819
75,46,2820
75,47,2821
75,48,2822
75,49,2823
75,50,2824
75,51,2825
75,52,2826
75,53,2827
75,54,2828
75,55,2829
75,56,2830
75,57,2831
75,58,2832
75,59,2833
75,60,2834
75,61,2835
75,62,2836
75,63,2837
75,64,2838
75,65,2839
75,66,2840
75,67,2841
75,68,2842
75,69,2843
75,70,2844
75,71,2845
75,72,2846
75,73,2847
75,74,2848
75,75,2849
76,1,2850
76,2,2851
76,3,2852
76,4,2853
76,5,2854
76,6,2855
76,7,2856
76,8,2857
76,9,2858
76,10,2859
76,11,2860
76,12,2861
76,13,2862
76,14,2863
76,15,2864
76,16,2865
76,17,2866
76,18,2867
76,19,2868
76,20,2869
76,21,2870
76,22,2871
76,23,2872
76,24,2873
76,25,2874
76,26,2875
76,27,2876
76,28,2877
76,29,2878
76,30,2879
76,31,2880
76,32,2881
76,33,2882
76,34,2883
76,35,2884
76,36,2885
76,37,2886
76,38,2887
76,39,2888
76,40,2889
76,41,2890
76,42,2891
76,43,2892
76,44,2893
76,45,2894
76,46,2895
76,47,2896
76,48,2897
76,49,2898
76,50,2899
76,51,2900
76,52,2901
76,53,2902
76,54,2903
76,55,2904
76,56,2905
76,57,2906
76,58,2907
76,59,2908
76,60,2909
76,61,2910
76,62,2911
76,63,2912
76,64,2913
76,65,2914
76,66,2915
76,67,2916
76,68,2917
76,69,2918
76,70,2919
76,71,2920
76,72,2921
76,73,2922
76,74,2923
76,75,2924
76,76,2925
77,1,2926
77,2,2927
77,3,2928
77,4,2929
77,5,2930
77,6,2931
77,7,2932
77,8,2933
77,9,2934
77,10,2935
77,11,2936
77,12,2937
77,13,2938
77,14,2939
77,15,2940
77,16,2941
77,17,2942
77,18,2943
77,19,2944
77,20,2945
77,21,2946
77,22,2947
77,23,2948
77,24,2949
77,25,2950
77,26,2951
77,27,2952
77,28,2953
77,29,2954
77,30,2955
77,31,2956
77,32,2957
77,33,2958
77,34,2959
77,35,2960
77,36,2961
77,37,2962
77,38,2963
77,39,2964
77,40,2965
77,41,2966
77,42,2967
77,43,2968
77,44,2969
77,45,2970
77,46,2971
77,47,2972
77,48,2973
77,49,2974
77,50,2975
77,51,2976
77,52,2977
77,53,2978
77,54,2979
77,55,2980
77,56,2981
77,57,2982
77,58,2983
77,59,2984
77,60,2985
77,61,2986
77,62,2987
77,63,2988
77,64,2989
77,65,2990
77,66,2991
77,67,2992
77,68,2993
77,69,2994
77,70,2995
77,71,2996
77,72,2997
77,73,2998
77,74,2999
77,75,3000
77,76,3001
77,77,3002
78,1,3003
78,2,3004
78,3,3005
78,4,3006
78,5,3007
78,6,3008
78,7,3009
78,8,3010
78,9,3011
78,10,3012
78,11,3013
78,12,3014
78,13,3015
78,14,3016
78,15,3017
78,16,3018
78,17,3019
78,18,3020
78,19,3021
78,20,3022
78,21,3023
78,22,3024
78,23,3025
78,24,3026
78,25,3027
78,26,3028
78,27,3029
78,28,3030
78,29,3031
78,30,3032
78,31,3033
78,32,3034
78,33,3035
78,34,3036
78,35,3037
78,36,3038
78,37,3039
78,38,3040
78,39,3041
78,40,3042
78,41,3043
78,42,3044
78,43,3045
78,44,3046
78,45,3047
78,46,3048
78,47,3049
78,48,3050
78,49,3051
78,50,3052
78,51,3053
78,52,3054
78,53,3055
78,54,3056
78,55,3057
78,56,3058
78,57,3059
78,58,3060
78,59,3061
78,60,3062
78,61,3063
78,62,3064
78,63,3065
78,64,3066
78,65,3067
78,66,3068
78,67,3069
78,68,3070
78,69,3071
78,70,3072
78,71,3073
78,72,3074
78,73,3075
78,74,3076
78,75,3077
78,76,3078
78,77,3079
78,78,3080
79,1,3081
79,2,3082
79,3,3083
79,4,3084
79,5,3085
79,6,3086
79,7,3087
79,8,3088
79,9,3089
79,10,3090
79,11,3091
79,12,3092
79,13,3093
79,14,3094
79,15,3095
79,16,3096
79,17,3097
79,18,3098
79,19,3099
79,20,3100
79,21,3101
79,22,3102
79,23,3103
79,24,3104
79,25,3105
79,26,3106
79,27,3107
79,28,3108
79,29,3109
79,30,3110
79,31,3111
79,32,3112
79,33,3113
79,34,3114
79,35,3115
79,36,3116
79,37,3117
79,38,3118
79,39,3119
79,40,3120
79,41,3121
79,42,3122
79,43,3123
79,44,3124
79,45,3125
79,46,3126
79,47,3127
79,48,3128
79,49,3129
79,50,3130
79,51,3131
79,52,3132
79,53,3133
79,54,3134
79,55,3135
79,56,3136
79,57,3137
79,58,3138
79,59,3139
79,60,3140
79,61,3141
79,62,3142
79,63,3143
79,64,3144
79,65,3145
79,66,3146
79,67,3147
79,68,3148
79,69,3149
79,70,3150
79,71,3151
79,72,3152
79,73,3153
79,74,3154
79,75,3155
79,76,3156
79,77,3157
79,78,3158
79,79,3159
80,1,3160
80,2,3161
80,3,3162
80,4,3163
80,5,3164
80,6,3165
80,7,3166
80,8,3167
80,9,3168
80,10,3169
80,11,3170
80,12,3171
80,13,3172
80,14,3173
80,15,3174
80,16,3175
80,17,3176
80,18,3177
80,19,3178
80,20,3179
80,21,3180
80,22,3181
80,23,3182
80,24,3183
80,25,3184
80,26,3185
80,27,3186
80,28,3187
80,29,3188
80,30,3189
80,31,3190
80,32,3191
80,33,3192
80,34,3193
80,35,3194
80,36,3195
80,37,3196
80,38,3197
80,39,3198
80,40,3199
80,41,3200
80,42,3201
80,43,3202
80,44,3203
80,45,3204
80,46,3205
80,47,3206
80,48,3207
80,49,3208
80,50,3209
80,51,3210
80,52,3211
80,53,3212
80,54,3213
80,55,3214
80,56,3215
80,57,3216
80,58,3217
80,59,3218
80,60,3219
80,61,3220
80,62,3221
80,63,3222
80,64,3223
80,65,3224
80,66,3225
80,67,3226
80,68,3227
80,69,3228
80,70,3229
80,71,3230
80,72,3231
80,73,3232
80,74,3233
80,75,3234
80,76,3235
80,77,3236
80,78,3237
80,79,3238
80,80,3239
81,1,3240
81,2,3241
81,3,3242
81,4,3243
81,5,3244
81,6,3245
81,7,3246
81,8,3247
81,9,3248
81,10,3249
81,11,3250
81,12,3251
81,13,3252
81,14,3253
81,15,3254
81,16,3255
81,17,3256
81,18,3257
81,19,3258
81,20,3259
81,21,3260
81,22,3261
81,23,3262
81,24,3263
81,25,3264
81,26,3265
81,27,3266
81,28,3267
81,29,3268
81,30,3269
81,31,3270
81,32,3271
81,33,3272
81,34,3273
81,35,3274
81,36,3275
81,37,3276
81,38,3277
81,39,3278
81,40,3279
81,41,3280
81,42,3281
81,43,3282
81,44,3283
81,45,3284
81,46,3285
81,47,3286
81,48,3287
81,49,3288
81,50,3289
81,51,3290
81,52,3291
81,53,3292
81,54,3293
81,55,3294
81,56,3295
81,57,3296
81,58,3297
81,59,3298
81,60,3299
81,61,3300
81,62,3301
81,63,3302
81,64,3303
81,65,3304
81,66,3305
81,67,3306
81,68,3307
81,69,3308
81,70,3309
81,71,3310
81,72,3311
81,73,3312
81,74,3313
81,75,3314
81,76,3315
81,77,3316
81,78,3317
81,79,3318
81,80,3319
81,81,3320
82,1,3321
82,2,3322
82,3,3323
82,4,3324
82,5,3325
82,6,3326
82,7,3327
82,8,3328
82,9,3329
82,10,3330
82,11,3331
82,12,3332
82,13,3333
82,14,3334
82,15,3335
82,16,3336
82,17,3337
82,18,3338
82,19,3339
82,20,3340
82,21,3341
82,22,3342
82,23,3343
82,24,3344
82,25,3345
82,26,3346
82,27,3347
82,28,3348
82,29,3349
82,30,3350
82,31,3351
82,32,3352
82,33,3353
82,34,3354
82,35,3355
82,36,3356
82,37,3357
82,38,3358
82,39,3359
82,40,3360
82,41,3361
82,42,3362
82,43,3363
82,44,3364
82,45,3365
82,46,3366
82,47,3367
82,48,3368
82,49,3369
82,50,3370
82,51,3371
82,52,3372
82,53,3373
82,54,3374
82,55,3375
82,56,3376
82,57,3377
82,58,3378
82,59,3379
82,60,3380
82,61,3381
82,62,3382
82,63,3383
82,64,3384
82,65,3385
82,66,3386
82,67,3387
82,68,3388
82,69,3389
82,70,3390
82,71,3391
82,72,3392
82,73,3393
82,74,3394
82,75,3395
82,76,3396
82,77,3397
82,78,3398
82,79,3399
82,80,3400
82,81,3401
82,82,3402
83,1,3403
83,2,3404
83,3,3405
83,4,3406
83,5,3407
83,6,3408
83,7,3409
83,8,3410
83,9,3411
83,10,3412
83,11,3413
83,12,3414
83,13,3415
83,14,3416
83,15,3417
83,16,3418
83,17,3419
83,18,3420
83,19,3421
83,20,3422
83,21,3423
83,22,3424
83,23,3425
83,24,3426
83,25,3427
83,26,3428
83,27,3429
83,28,3430
83,29,3431
83,30,3432
83,31,3433
83,32,3434
83,33,3435
83,34,3436
83,35,3437
83,36,3438
83,37,3439
83,38,3440
83,39,3441
83,40,3442
83,41,3443
83,42,3444
83,43,3445
83,44,3446
83,45,3447
83,46,3448
83,47,3449
83,48,3450
83,49,3451
83,50,3452
83,51,3453
83,52,3454
83,53,3455
83,54,3456
83,55,3457
83,56,3458
83,57,3459
83,58,3460
83,59,3461
83,60,3462
83,61,3463
83,62,3464
83,63,3465
83,64,3466
83,65,3467
83,66,3468
83,67,3469
83,68,3470
83,69,3471
83,70,3472
83,71,3473
83,72,3474
83,73,3475
83,74,3476
83,75,3477
83,76,3478
83,77,3479
83,78,3480
83,79,3481
83,80,3482
83,81,3483
83,82,3484
83,83,3485
84,1,3486
84,2,3487
84,3,3488
84,4,3489
84,5,3490
84,6,3491
84,7,3492
84,8,3493
84,9,3494
84,10,3495
84,11,3496
84,12,3497
84,13,3498
84,14,3499
84,15,3500
84,16,3501
84,17,3502
84,18,3503
84,19,3504
84,20,3505
84,21,3506
84,22,3507
84,23,3508
84,24,3509
84,25,3510
84,26,3511
84,27,3512
84,28,3513
84,29,3514
84,30,3515
84,31,3516
84,32,3517
84,33,3518
84,34,3519
84,35,3520
84,36,3521
84,37,3522
84,38,3523
84,39,3524
84,40,3525
84,41,3526
84,42,3527
84,43,3528
84,44,3529
84,45,3530
84,46,3531
84,47,3532
84,48,3533
84,49,3534
84,50,3535
84,51,3536
84,52,3537
84,53,3538
84,54,3539
84,55,3540
84,56,3541
84,57,3542
84,58,3543
84,59,3544
84,60,3545
84,61,3546
84,62,3547
84,63,3548
84,64,3549
84,65,3550
84,66,3551
84,67,3552
84,68,3553
84,69,3554
84,70,3555
84,71,3556
84,72,3557
84,73,3558
84,74,3559
84,75,3560
84,76,3561
84,77,3562
84,78,3563
84,79,3564
84,80,3565
84,81,3566
84,82,3567
84,83,3568
84,84,3569
85,1,3570
85,2,3571
85,3,3572
85,4,3573
85,5,3574
85,6,3575
85,7,3576
85,8,3577
85,9,3578
85,10,3579
85,11,3580
85,12,3581
85,13,3582
85,14,3583
85,15,3584
85,16,3585
85,17,3586
85,18,3587
85,19,3588
85,20,3589
85,21,3590
85,22,3591
85,23,3592
85,24,3593
85,25,3594
85,26,3595
85,27,3596
85,28,3597
85,29,3598
85,30,3599
85,31,3600
85,32,3601
85,33,3602
85,34,3603
85,35,3604
85,36,3605
85,37,3606
85,38,3607
85,39,3608
85,40,3609
85,41,3610
85,42,3611
85,43,3612
85,44,3613
85,45,3614
85,46,3615
85,47,3616
85,48,3617
85,49,3618
85,50,3619
85,51,3620
85,52,3621
85,53,3622
85,54,3623
85,55,3624
85,56,3625
85,57,3626
85,58,3627
85,59,3628
85,60,3629
85,61,3630
85,62,3631
85,63,3632
85,64,3633
85,65,3634
85,66,3635
85,67,3636
85,68,3637
85,69,3638
85,70,3639
85,71,3640
85,72,3641
85,73,3642
85,74,3643
85,75,3644
85,76,3645
85,77,3646
85,78,3647
85,79,3648
85,80,3649
85,81,3650
85,82,3651
85,83,3652
85,84,3653
85,85,3654
86,1,3655
86,2,3656
86,3,3657
86,4,3658
86,5,3659
86,6,3660
86,7,3661
86,8,3662
86,9,3663
86,10,3664
86,11,3665
86,12,3666
86,13,3667
86,14,3668
86,15,3669
86,16,3670
86,17,3671
86,18,3672
86,19,3673
86,20,3674
86,21,3675
86,22,3676
86,23,3677
86,24,3678
86,25,3679
86,26,3680
86,27,3681
86,28,3682
86,29,3683
86,30,3684
86,31,3685
86,32,3686
86,33,3687
86,34,3688
86,35,3689
86,36,3690
86,37,3691
86,38,3692
86,39,3693
86,40,3694
86,41,3695
86,42,3696
86,43,3697
86,44,3698
86,45,3699
86,46,3700
86,47,3701
86,48,3702
86,49,3703
86,50,3704
86,51,3705
86,52,3706
86,53,3707
86,54,3708
86,55,3709
86,56,3710
86,57,3711
86,58,3712
86,59,3713
86,60,3714
86,61,3715
86,62,3716
86,63,3717
86,64,3718
86,65,3719
86,66,3720
86,67,3721
86,68,3722
86,69,3723
86,70,3724
86,71,3725
86,72,3726
86,73,3727
86,74,3728
86,75,3729
86,76,3730
86,77,3731
86,78,3732
86,79,3733
86,80,3734
86,81,3735
86,82,3736
86,83,3737
86,84,3738
86,85,3739
86,86,3740
87,1,3741
87,2,3742
87,3,3743
87,4,3744
87,5,3745
87,6,3746
87,7,3747
87,8,3748
87,9,3749
87,10,3750
87,11,3751
87,12,3752
87,13,3753
87,14,3754
87,15,3755
87,16,3756
87,17,3757
87,18,3758
87,19,3759
87,20,3760
87,21,3761
87,22,3762
87,23,3763
87,24,3764
87,25,3765
87,26,3766
87,27,3767
87,28,3768
87,29,3769
87,30,3770
87,31,3771
87,32,3772
87,33,3773
87,34,3774
87,35,3775
87,36,3776
87,37,3777
87,38,3778
87,39,3779
87,40,3780
87,41,3781
87,42,3782
87,43,3783
87,44,3784
87,45,3785
87,46,3786
87,47,3787
87,48,3788
87,49,3789
87,50,3790
87,51,3791
87,52,3792
87,53,3793
87,54,3794
87,55,3795
87,56,3796
87,57,3797
87,58,3798
87,59,3799
87,60,3800
87,61,3801
87,62,3802
87,63,3803
87,64,3804
87,65,3805
87,66,3806
87,67,3807
87,68,3808
87,69,3809
87,70,3810
87,71,3811
87,72,3812
87,73,3813
87,74,3814
87,75,3815
87,76,3816
87,77,3817
87,78,3818
87,79,3819
87,80,3820
87,81,3821
87,82,3822
87,83,3823
87,84,3824
87,85,3825
87,86,3826
87,87,3827
88,1,3828
88,2,3829
88,3,3830
88,4,3831
88,5,3832
88,6,3833
88,7,3834
88,8,3835
88,9,3836
88,10,3837
88,11,3838
88,12,3839
88,13,3840
88,14,3841
88,15,3842
88,16,3843
88,17,3844
88,18,3845
88,19,3846
88,20,3847
88,21,3848
88,22,3849
88,23,3850
88,24,3851
88,25,3852
88,26,3853
88,27,3854
88,28,3855
88,29,3856
88,30,3857
88,31,3858
88,32,3859
88,33,3860
88,34,3861
88,35,3862
88,36,3863
88,37,3864
88,38,3865
88,39,3866
88,40,3867
88,41,3868
88,42,3869
88,43,3870
88,44,3871
88,45,3872
88,46,3873
88,47,3874
88,48,3875
88,49,3876
88,50,3877
88,51,3878
88,52,3879
88,53,3880
88,54,3881
88,55,3882
88,56,3883
88,57,3884
88,58,3885
88,59,3886
88,60,3887
88,61,3888
88,62,3889
88,63,3890
88,64,3891
88,65,3892
88,66,3893
88,67,3894
88,68,3895
88,69,3896
88,70,3897
88,71,3898
88,72,3899
88,73,3900
88,74,3901
88,75,3902
88,76,3903
88,77,3904
88,78,3905
88,79,3906
88,80,3907
88,81,3908
88,82,3909
88,83,3910
88,84,3911
88,85,3912
88,86,3913
88,87,3914
88,88,3915
89,1,3916
89,2,3917
89,3,3918
89,4,3919
89,5,3920
89,6,3921
89,7,3922
89,8,3923
89,9,3924
89,10,3925
89,11,3926
89,12,3927
89,13,3928
89,14,3929
89,15,3930
89,16,3931
89,17,3932
89,18,3933
89,19,3934
89,20,3935
89,21,3936
89,22,3937
89,23,3938
89,24,3939
89,25,3940
89,26,3941
89,27,3942
89,28,3943
89,29,3944
89,30,3945
89,31,3946
89,32,3947
89,33,3948
89,34,3949
89,35,3950
89,36,3951
89,37,3952
89,38,3953
89,39,3954
89,40,3955
89,41,3956
89,42,3957
89,43,3958
89,44,3959
89,45,3960
89,46,3961
89,47,3962
89,48,3963
89,49,3964
89,50,3965
89,51,3966
89,52,3967
89,53,3968
89,54,3969
89,55,3970
89,56,3971
89,57,3972
89,58,3973
89,59,3974
89,60,3975
89,61,3976
89,62,3977
89,63,3978
89,64,3979
89,65,3980
89,66,3981
89,67,3982
89,68,3983
89,69,3984
89,70,3985
89,71,3986
89,72,3987
89,73,3988
89,74,3989
89,75,3990
89,76,3991
89,77,3992
89,78,3993
89,79,3994
89,80,3995
89,81,3996
89,82,3997
89,83,3998
89,84,3999
89,85,4000
89,86,4001
89,87,4002
89,88,4003
89,89,4004
90,1,4005
90,2,4006
90,3,4007
90,4,4008
90,5,4009
90,6,4010
90,7,4011
90,8,4012
90,9,4013
90,10,4014
90,11,4015
90,12,4016
90,13,4017
90,14,4018
90,15,4019
90,16,4020
90,17,4021
90,18,4022
90,19,4023
90,20,4024
90,21,4025
90,22,4026
90,23,4027
90,24,4028
90,25,4029
90,26,4030
90,27,4031
90,28,4032
90,29,4033
90,30,4034
90,31,4035
90,32,4036
90,33,4037
90,34,4038
90,35,4039
90,36,4040
90,37,4041
90,38,4042
90,39,4043
90,40,4044
90,41,4045
90,42,4046
90,43,4047
90,44,4048
90,45,4049
90,46,4050
90,47,4051
90,48,4052
90,49,4053
90,50,4054
90,51,4055
90,52,4056
90,53,4057
90,54,4058
90,55,4059
90,56,4060
90,57,4061
90,58,4062
90,59,4063
90,60,4064
90,61,4065
90,62,4066
90,63,4067
90,64,4068
90,65,4069
90,66,4070
90,67,4071
90,68,4072
90,69,4073
90,70,4074
90,71,4075
90,72,4076
90,73,4077
90,74,4078
90,75,4079
90,76,4080
90,77,4081
90,78,4082
90,79,4083
90,80,4084
90,81,4085
90,82,4086
90,83,4087
90,84,4088
90,85,4089
90,86,4090
90,87,4091
90,88,4092
90,89,4093
90,90,4094
91,1,4095
91,2,4096
91,3,4097
91,4,4098
91,5,4099
91,6,4100
91,7,4101
91,8,4102
91,9,4103
91,10,4104
91,11,4105
91,12,4106
91,13,4107
91,14,4108
91,15,4109
91,16,4110
91,17,4111
91,18,4112
91,19,4113
91,20,4114
91,21,4115
91,22,4116
91,23,4117
91,24,4118
91,25,4119
91,26,4120
91,27,4121
91,28,4122
91,29,4123
91,30,4124
91,31,4125
91,32,4126
91,33,4127
91,34,4128
91,35,4129
91,36,4130
91,37,4131
91,38,4132
91,39,4133
91,40,4134
91,41,4135
91,42,4136
91,43,4137
91,44,4138
91,45,4139
91,46,4140
91,47,4141
91,48,4142
91,49,4143
91,50,4144
91,51,4145
91,52,4146
91,53,4147
91,54,4148
91,55,4149
91,56,4150
91,57,4151
91,58,4152
91,59,4153
91,60,4154
91,61,4155
91,62,4156
91,63,4157
91,64,4158
91,65,4159
91,66,4160
91,67,4161
91,68,4162
91,69,4163
91,70,4164
91,71,4165
91,72,4166
91,73,4167
91,74,4168
91,75,4169
91,76,4170
91,77,4171
91,78,4172
91,79,4173
91,80,4174
91,81,4175
91,82,4176
91,83,4177
91,84,4178
91,85,4179
91,86,4180
91,87,4181
91,88,4182
91,89,4183
91,90,4184
91,91,4185
92,1,4186
92,2,4187
92,3,4188
92,4,4189
92,5,4190
92,6,4191
92,7,4192
92,8,4193
92,9,4194
92,10,4195
92,11,4196
92,12,4197
92,13,4198
92,14,4199
92,15,4200
92,16,4201
92,17,4202
92,18,4203
92,19,4204
92,20,4205
92,21,4206
92,22,4207
92,23,4208
92,24,4209
92,25,4210
92,26,4211
92,27,4212
92,28,4213
92,29,4214
92,30,4215
92,31,4216
92,32,4217
92,33,4218
92,34,4219
92,35,4220
92,36,4221
92,37,4222
92,38,4223
92,39,4224
92,40,4225
92,41,4226
92,42,4227
92,43,4228
92,44,4229
92,45,4230
92,46,4231
92,47,4232
92,48,4233
92,49,4234
92,50,4235
92,51,4236
92,52,4237
92,53,4238
92,54,4239
92,55,4240
92,56,4241
92,57,4242
92,58,4243
92,59,4244
92,60,4245
92,61,4246
92,62,4247
92,63,4248
92,64,4249
92,65,4250
92,66,4251
92,67,4252
92,68,4253
92,69,4254
92,70,4255
92,71,4256
92,72,4257
92,73,4258
92,74,4259
92,75,4260
92,76,4261
92,77,4262
92,78,4263
92,79,4264
92,80,4265
92,81,4266
92,82,4267
92,83,4268
92,84,4269
92,85,4270
92,86,4271
92,87,4272
92,88,4273
92,89,4274
92,90,4275
92,91,4276
92,92,4277
93,1,4278
93,2,4279
93,3,4280
93,4,4281
93,5,4282
93,6,4283
93,7,4284
93,8,4285
93,9,4286
93,10,4287
93,11,4288
93,12,4289
93,13,4290
93,14,4291
93,15,4292
93,16,4293
93,17,4294
93,18,4295
93,19,4296
93,20,4297
93,21,4298
93,22,4299
93,23,4300
93,24,4301
93,25,4302
93,26,4303
93,27,4304
93,28,4305
93,29,4306
93,30,4307
93,31,4308
93,32,4309
93,33,4310
93,34,4311
93,35,4312
93,36,4313
93,37,4314
93,38,4315
93,39,4316
93,40,4317
93,41,4318
93,42,4319
93,43,4320
93,44,4321
93,45,4322
93,46,4323
93,47,4324
93,48,4325
93,49,4326
93,50,4327
93,51,4328
93,52,4329
93,53,4330
93,54,4331
93,55,4332
93,56,4333
93,57,4334
93,58,4335
93,59,4336
93,60,4337
93,61,4338
93,62,4339
93,63,4340
93,64,4341
93,65,4342
93,66,4343
93,67,4344
93,68,4345
93,69,4346
93,70,4347
93,71,4348
93,72,4349
93,73,4350
93,74,4351
93,75,4352
93,76,4353
93,77,4354
93,78,4355
93,79,4356
93,80,4357
93,81,4358
93,82,4359
93,83,4360
93,84,4361
93,85,4362
93,86,4363
93,87,4364
93,88,4365
93,89,4366
93,90,4367
93,91,4368
93,92,4369
93,93,4370
94,1,4371
94,2,4372
94,3,4373
94,4,4374
94,5,4375
94,6,4376
94,7,4377
94,8,4378
94,9,4379
94,10,4380
94,11,4381
94,12,4382
94,13,4383
94,14,4384
94,15,4385
94,16,4386
94,17,4387
94,18,4388
94,19,4389
94,20,4390
94,21,4391
94,22,4392
94,23,4393
94,24,4394
94,25,4395
94,26,4396
94,27,4397
94,28,4398
94,29,4399
94,30,4400
94,31,4401
94,32,4402
94,33,4403
94,34,4404
94,35,4405
94,36,4406
94,37,4407
94,38,4408
94,39,4409
94,40,4410
94,41,4411
94,42,4412
94,43,4413
94,44,4414
94,45,4415
94,46,4416
94,47,4417
94,48,4418
94,49,4419
94,50,4420
94,51,4421
94,52,4422
94,53,4423
94,54,4424
94,55,4425
94,56,4426
94,57,4427
94,58,4428
94,59,4429
94,60,4430
94,61,4431
94,62,4432
94,63,4433
94,64,4434
94,65,4435
94,66,4436
94,67,4437
94,68,4438
94,69,4439
94,70,4440
94,71,4441
94,72,4442
94,73,4443
94,74,4444
94,75,4445
94,76,4446
94,77,4447
94,78,4448
94,79,4449
94,80,4450
94,81,4451
94,82,4452
94,83,4453
94,84,4454
94,85,4455
94,86,4456
94,87,4457
94,88,4458
94,89,4459
94,90,4460
94,91,4461
94,92,4462
94,93,4463
94,94,4464
95,1,4465
95,2,4466
95,3,4467
95,4,4468
95,5,4469
95,6,4470
95,7,4471
95,8,4472
95,9,4473
95,10,4474
95,11,4475
95,12,4476
95,13,4477
95,14,4478
95,15,4479
95,16,4480
95,17,4481
95,18,4482
95,19,4483
95,20,4484
95,21,4485
95,22,4486
95,23,4487
95,24,4488
95,25,4489
95,26,4490
95,27,4491
95,28,4492
95,29,4493
95,30,4494
95,31,4495
95,32,4496
95,33,4497
95,34,4498
95,35,4499
95,36,4500
95,37,4501
95,38,4502
95,39,4503
95,40,4504
95,41,4505
95,42,4506
95,43,4507
95,44,4508
95,45,4509
95,46,4510
95,47,4511
95,48,4512
95,49,4513
95,50,4514
95,51,4515
95,52,4516
95,53,4517
95,54,4518
95,55,4519
95,56,4520
95,57,4521
95,58,4522
95,59,4523
95,60,4524
95,61,4525
95,62,4526
95,63,4527
95,64,4528
95,65,4529
95,66,4530
95,67,4531
95,68,4532
95,69,4533
95,70,4534
95,71,4535
95,72,4536
95,73,4537
95,74,4538
95,75,4539
95,76,4540
95,77,4541
95,78,4542
95,79,4543
95,80,4544
95,81,4545
95,82,4546
95,83,4547
95,84,4548
95,85,4549
95,86,4550
95,87,4551
95,88,4552
95,89,4553
95,90,4554
95,91,4555
95,92,4556
95,93,4557
95,94,4558
95,95,4559
96,1,4560
96,2,4561
96,3,4562
96,4,4563
96,5,4564
96,6,4565
96,7,4566
96,8,4567
96,9,4568
96,10,4569
96,11,4570
96,12,4571
96,13,4572
96,14,4573
96,15,4574
96,16,4575
96,17,4576
96,18,4577
96,19,4578
96,20,4579
96,21,4580
96,22,4581
96,23,4582
96,24,4583
96,25,4584
96,26,4585
96,27,4586
96,28,4587
96,29,4588
96,30,4589
96,31,4590
96,32,4591
96,33,4592
96,34,4593
96,35,4594
96,36,4595
96,37,4596
96,38,4597
96,39,4598
96,40,4599
96,41,4600
96,42,4601
96,43,4602
96,44,4603
96,45,4604
96,46,4605
96,47,4606
96,48,4607
96,49,4608
96,50,4609
96,51,4610
96,52,4611
96,53,4612
96,54,4613
96,55,4614
96,56,4615
96,57,4616
96,58,4617
96,59,4618
96,60,4619
96,61,4620
96,62,4621
96,63,4622
96,64,4623
96,65,4624
96,66,4625
96,67,4626
96,68,4627
96,69,4628
96,70,4629
96,71,4630
96,72,4631
96,73,4632
96,74,4633
96,75,4634
96,76,4635
96,77,4636
96,78,4637
96,79,4638
96,80,4639
96,81,4640
96,82,4641
96,83,4642
96,84,4643
96,85,4644
96,86,4645
96,87,4646
96,88,4647
96,89,4648
96,90,4649
96,91,4650
96,92,4651
96,93,4652
96,94,4653
96,95,4654
96,96,4655
97,1,4656
97,2,4657
97,3,4658
97,4,4659
97,5,4660
97,6,4661
97,7,4662
97,8,4663
97,9,4664
97,10,4665
97,11,4666
97,12,4667
97,13,4668
97,14,4669
97,15,4670
97,16,4671
97,17,4672
97,18,4673
97,19,4674
97,20,4675
97,21,4676
97,22,4677
97,23,4678
97,24,4679
97,25,4680
97,26,4681
97,27,4682
97,28,4683
97,29,4684
97,30,4685
97,31,4686
97,32,4687
97,33,4688
97,34,4689
97,35,4690
97,36,4691
97,37,4692
97,38,4693
97,39,4694
97,40,4695
97,41,4696
97,42,4697
97,43,4698
97,44,4699
97,45,4700
97,46,4701
97,47,4702
97,48,4703
97,49,4704
97,50,4705
97,51,4706
97,52,4707
97,53,4708
97,54,4709
97,55,4710
97,56,4711
97,57,4712
97,58,4713
97,59,4714
97,60,4715
97,61,4716
97,62,4717
97,63,4718
97,64,4719
97,65,4720
97,66,4721
97,67,4722
97,68,4723
97,69,4724
97,70,4725
97,71,4726
97,72,4727
97,73,4728
97,74,4729
97,75,4730
97,76,4731
97,77,4732
97,78,4733
97,79,4734
97,80,4735
97,81,4736
97,82,4737
97,83,4738
97,84,4739
97,85,4740
97,86,4741
97,87,4742
97,88,4743
97,89,4744
97,90,4745
97,91,4746
97,92,4747
97,93,4748
97,94,4749
97,95,4750
97,96,4751
97,97,4752
98,1,4753
98,2,4754
98,3,4755
98,4,4756
98,5,4757
98,6,4758
98,7,4759
98,8,4760
98,9,4761
98,10,4762
98,11,4763
98,12,4764
98,13,4765
98,14,4766
98,15,4767
98,16,4768
98,17,4769
98,18,4770
98,19,4771
98,20,4772
98,21,4773
98,22,4774
98,23,4775
98,24,4776
98,25,4777
98,26,4778
98,27,4779
98,28,4780
98,29,4781
98,30,4782
98,31,4783
98,32,4784
98,33,4785
98,34,4786
98,35,4787
98,36,4788
98,37,4789
98,38,4790
98,39,4791
98,40,4792
98,41,4793
98,42,4794
98,43,4795
98,44,4796
98,45,4797
98,46,4798
98,47,4799
98,48,4800
98,49,4801
98,50,4802
98,51,4803
98,52,4804
98,53,4805
98,54,4806
98,55,4807
98,56,4808
98,57,4809
98,58,4810
98,59,4811
98,60,4812
98,61,4813
98,62,4814
98,63,4815
98,64,4816
98,65,4817
98,66,4818
98,67,4819
98,68,4820
98,69,4821
98,70,4822
98,71,4823
98,72,4824
98,73,4825
98,74,4826
98,75,4827
98,76,4828
98,77,4829
98,78,4830
98,79,4831
98,80,4832
98,81,4833
98,82,4834
98,83,4835
98,84,4836
98,85,4837
98,86,4838
98,87,4839
98,88,4840
98,89,4841
98,90,4842
98,91,4843
98,92,4844
98,93,4845
98,94,4846
98,95,4847
98,96,4848
98,97,4849
98,98,4850
99,1,4851
99,2,4852
99,3,4853
99,4,4854
99,5,4855
99,6,4856
99,7,4857
99,8,4858
99,9,4859
99,10,4860
99,11,4861
99,12,4862
99,13,4863
99,14,4864
99,15,4865
99,16,4866
99,17,4867
99,18,4868
99,19,4869
99,20,4870
99,21,4871
99,22,4872
99,23,4873
99,24,4874
99,25,4875
99,26,4876
99,27,4877
99,28,4878
99,29,4879
99,30,4880
99,31,4881
99,32,4882
99,33,4883
99,34,4884
99,35,4885
99,36,4886
99,37,4887
99,38,4888
99,39,4889
99,40,4890
99,41,4891
99,42,4892
99,43,4893
99,44,4894
99,45,4895
99,46,4896
99,47,4897
99,48,4898
99,49,4899
99,50,4900
99,51,4901
99,52,4902
99,53,4903
99,54,4904
99,55,4905
99,56,4906
99,57,4907
99,58,4908
99,59,4909
99,60,4910
99,61,4911
99,62,4912
99,63,4913
99,64,4914
99,65,4915
99,66,4916
99,67,4917
99,68,4918
99,69,4919
99,70,4920
99,71,4921
99,72,4922
99,73,4923
99,74,4924
99,75,4925
99,76,4926
99,77,4927
99,78,4928
99,79,4929
99,80,4930
99,81,4931
99,82,4932
99,83,4933
99,84,4934
99,85,4935
99,86,4936
99,87,4937
99,88,4938
99,89,4939
99,90,4940
99,91,4941
99,92,4942
99,93,4943
99,94,4944
99,95,4945
99,96,4946
99,97,4947
99,98,4948
99,99,4949
100,1,4950
100,2,4951
100,3,4952
100,4,4953
100,5,4954
100,6,4955
100,7,4956
100,8,4957
100,9,4958
100,10,4959
100,11,4960
100,12,4961
100,13,4962
100,14,4963
100,15,4964
100,16,4965
100,17,4966
100,18,4967
100,19,4968
100,20,4969
100,21,4970
100,22,4971
100,23,4972
100,24,4973
100,25,4974
100,26,4975
100,27,4976
100,28,4977
100,29,4978
100,30,4979
100,31,4980
100,32,4981
100,33,4982
100,34,4983
100,35,4984
100,36,4985
100,37,4986
100,38,4987
100,39,4988
100,40,4989
100,41,4990
100,42,4991
100,43,4992
100,44,4993
100,45,4994
100,46,4995
100,47,4996
100,48,4997
100,49,4998
100,50,4999
100,51,5000
100,52,5001
100,53,5002
100,54,5003
100,55,5004
100,56,5005
100,57,5006
100,58,5007
100,59,5008
100,60,5009
100,61,5010
100,62,5011
100,63,5012
100,64,5013
100,65,5014
100,66,5015
100,67,5016
100,68,5017
100,69,5018
100,70,5019
100,71,5020
100,72,5021
100,73,5022
100,74,5023
100,75,5024
100,76,5025
100,77,5026
100,78,5027
100,79,5028
100,80,5029
100,81,5030
100,82,5031
100,83,5032
100,84,5033
100,85,5034
100,86,5035
100,87,5036
100,88,5037
100,89,5038
100,90,5039
100,91,5040
100,92,5041
100,93,5042
100,94,5043
100,95,5044
100,96,5045
100,97,5046
100,98,5047
100,99,5048
100,100,5049
